Date,BBVA.MC,SAN.MC,CABK.MC,SAB.MC,BKT.MC,UNI.MC
2021-01-04,10.034637059165199,9.976702161614632,9.99865829170728,10.092358436824346,10.029095868928334,10.067363442643453
2021-01-05,9.972229019045617,9.842438794971574,9.965304868033908,9.993361164327661,9.849292071228055,10.059912633770232
2021-01-06,10.02295923580342,9.792555729921826,9.95523373187526,10.009286732562346,9.91824202702305,10.132551230278127
2021-01-07,10.109340027294513,9.941585297620136,10.073862508439486,10.157449345159513,10.032014980323265,10.302309011185995
2021-01-08,9.722805111336642,9.715671213737526,9.723958994823919,9.9153369594029,9.875094427887369,10.149554149555495
2021-01-11,9.673087745885097,9.602966829162117,9.571089769880416,9.793892374951236,9.731976897307463,9.993823629485583
2021-01-12,9.768136565022688,9.576032449510842,9.64770737511007,9.865687781381219,9.67166909274254,10.090660439001462
2021-01-13,9.791103295774258,9.55525752214456,9.563916831026939,9.761599199904488,9.608595839746798,10.098930300223564
2021-01-14,9.718658472182064,9.590121466611812,9.471039969747698,9.746211604648439,9.619229522973717,10.29946811440398
2021-01-15,9.521847633049799,9.620659931470351,9.410198020962227,9.675960648237819,9.564332752762944,10.233158054421228
2021-01-18,9.611198940223403,9.826201816441296,9.456450478459038,9.875868800885723,9.587962807899634,10.340796926135969
2021-01-19,9.619086206964756,9.945678030854053,9.639439475256449,9.970014170616112,9.638038717834283,10.349066112713794
2021-01-20,9.612747522961817,9.829649277748384,9.578392920794826,9.99913992696142,9.749168450585625,10.595972152743869
2021-01-21,9.697125873218068,10.064182428423205,9.701999996559936,10.13319027540324,9.877999285880307,10.750087496918223
2021-01-22,9.762269836305258,10.083688657501211,9.639323063615175,10.070886067208223,9.971792936591255,10.790457255784245
2021-01-25,9.623845254688291,9.99740013533271,9.626391662517625,9.979061576920689,9.85314110889808,10.787413749364038
2021-01-26,9.79183578216957,10.078984078100168,9.738412200705202,10.128537482153543,9.976584398971642,10.89233944408269
2021-01-27,9.734469442652,10.02324537633314,9.5703170285205,10.065365307645152,9.794793744252487,10.701730568317585
2021-01-28,9.940926831001635,10.18713856870956,9.767997968935942,10.15845998643429,9.779102571020534,10.79859696255131
2021-01-29,9.947411484198938,10.191496376298781,9.855667450856474,10.125455790743764,9.80624674130136,10.710323550110965
2021-02-01,9.966128991264945,10.175310437414959,9.783058797568128,10.085462036168352,9.780480216368542,10.666574979940986
2021-02-02,10.033311797028723,10.098414778705118,9.705248634534918,9.835213090509487,9.65991411272142,10.560030680045173
2021-02-03,10.124485204106596,10.345226200698797,9.807139048716873,10.094687749512426,9.766243124073332,10.723866337935261
2021-02-04,10.103421012056465,10.332127480653117,9.931868268267067,9.89238368510867,9.602390962870295,10.660673353251147
2021-02-05,10.05887789573579,10.346212629681173,9.932984001998248,9.81135434917971,9.65038944092616,10.696594070908773
2021-02-08,10.036951547316848,10.39120201703388,9.925251338700768,9.72657148210886,9.679819012227153,10.663796168219623
2021-02-09,10.103125458162765,10.576380369273878,9.784355806745662,9.684447093492222,9.63406920311558,10.704822326401873
2021-02-10,10.129392447208179,10.492923033098187,9.744011602027493,9.66513267818647,9.858632799256418,10.911694820835862
2021-02-11,10.148510106616772,10.511006250948281,9.695392955013647,9.571102135362649,9.886646420572422,10.882449806775059
2021-02-12,10.196419054072269,10.427440648367005,9.678584877915497,9.637432808109095,9.95461686692338,10.979271565622623
2021-02-15,10.34621966710308,10.740010411629227,9.814598418368108,9.955020257406497,10.134925545207885,11.147518620914962
2021-02-16,10.275989201088043,10.729204666922383,9.828704690706997,9.89545359937761,10.229300914372729,11.186015615667905
2021-02-17,10.198624843212428,10.739569124338658,9.937550212563545,9.989623712737938,10.090291654510509,11.03816695621324
2021-02-18,10.228169886057188,10.56220745870415,9.761674259832612,9.851568169134861,10.060223970760454,10.924392869195724
2021-02-19,10.251952964512919,10.576590138705155,9.765513413116691,9.861657028926668,10.301523749856658,11.035712516511552
2021-02-22,10.464770474474754,10.663702896483116,9.857749304891119,9.949226185242084,10.183407457672951,11.068221749699696
2021-02-23,10.304965643769332,10.464349568289869,9.756776769075065,10.043448063408615,10.17396107069831,11.17108610869883
2021-02-24,10.24328566333623,10.441335923966918,9.6141114107231,9.981682029123997,10.16649533978927,11.010559546280398
2021-02-25,10.195928751773701,10.40205840060754,9.50158985205819,9.792406919987748,10.006051363217242,10.912136309297429
2021-02-26,10.303992322663332,10.410133405636635,9.564777710618616,9.921152324881334,10.113492895273605,11.139170901880869
2021-03-01,10.503876259544542,10.410905602037602,9.765326299000858,9.975089444094026,10.264884431662129,11.249346914090859
2021-03-02,10.53953151027505,10.323117105361879,9.804843078165096,9.92199753234883,10.394904233529019,11.465259874118551
2021-03-03,10.396650306481483,10.279631869636543,9.69086129915517,9.792092669630703,10.406063978381454,11.373267087042166
2021-03-04,10.575022112726739,10.268183922337395,9.793130851083196,9.831178721253018,10.496456941352559,11.368001241281808
2021-03-05,10.589453641576746,10.274478971294208,9.741706052806148,9.900636671628712,10.56524579721319,11.441737294571997
2021-03-08,10.752009258616509,10.421391878049121,9.735645488677424,9.960401625554242,10.535524068030881,11.477697566703888
2021-03-09,10.813249109690606,10.65729994459355,9.847167859429147,10.05594735056826,10.717292167663315,11.403156183906106
2021-03-10,10.672329453304286,10.753872054982121,9.875833900525299,10.107359175324875,10.627654531719912,11.435411487854388
2021-03-11,10.934647158574792,10.905547716511482,9.955535688028476,10.161510628817092,10.657581064544077,11.338466759585026
2021-03-12,10.97028822713284,10.9908069407277,9.840319270264526,10.119235880480614,10.569122582131156,11.26387813025348
2021-03-15,11.016236501830342,10.845202010780904,9.918860905088984,10.220483124151713,10.576988029173958,11.084621049468016
2021-03-16,11.013290383074533,11.028694294730379,9.761530261795471,10.276574296388786,10.536193419142808,11.245171162946178
2021-03-17,10.775598705898318,10.900648713625325,9.676313129552783,10.240917860779197,10.397222998731115,11.085307424711925
2021-03-18,10.613471096447366,10.971736386556136,9.59210588962909,10.156652162012332,10.371804111781008,10.908632841802198
2021-03-19,10.57966654545959,11.006261990817599,9.575602365316731,9.971539463636722,10.325199208807838,10.914631206997239
2021-03-22,10.349554333469744,10.842867397452373,9.588742788917513,9.915324011310819,10.308615097856805,10.996254757198864
2021-03-23,10.359733250126153,10.872241054500636,9.777029134531688,9.866626033201506,10.223556079309606,11.000633787135538
2021-03-24,10.58160894243666,11.000478394011742,9.836369537335083,10.245260591751183,10.381340280113049,11.139400243742003
2021-03-25,10.557717212539458,10.895339901512425,9.740579580077148,10.182068028636447,10.205219712834634,11.057819846536594
2021-03-26,10.845571449307068,11.050775383439781,9.802885947964327,10.268567349942536,10.257123118212515,11.168835137892367
2021-03-29,10.609074684550508,10.941496709365202,9.520133022147975,10.124545402407367,10.088727735317025,10.980106997666246
2021-03-30,10.477587078785795,11.02328218529594,9.588603197169466,10.162156179576877,9.943364010647253,11.01183981221746
2021-03-31,10.535700634050526,10.904610679205927,9.604532172392569,10.215572218954833,10.00479231846624,11.052575122142077
2021-04-01,10.63640732718085,11.10525158710515,9.755751791822536,10.06093413860571,10.03148388644114,11.119991512195892
2021-04-02,10.579235322790073,11.200085303033658,9.922744726226416,10.06669037093495,10.121429032482013,11.137622363156765
2021-04-05,10.623765421827375,11.431223583994958,9.956637390785058,10.20862583362355,10.040207008178466,11.417323661357834
2021-04-06,10.636584826664969,11.376636772225643,9.973341625588048,10.052391890880877,10.11023721827347,11.343278544504638
2021-04-07,10.567034878215868,11.280939429918291,9.88758564889506,10.052151789511335,10.096096348566167,11.342422481881773
2021-04-08,10.6759228181072,11.432994984163244,9.937184985795808,10.347505432280272,10.04476101639016,11.580514543640621
2021-04-09,10.774014786619775,11.336238838579115,10.101276210926533,10.407814228943522,10.110854584125956,11.55985477146514
2021-04-12,10.60237158357294,11.170941284455314,10.016070479553294,10.35942206858075,10.023207554330364,11.303539950845007
2021-04-13,10.538088390826008,11.12460957540549,9.965851427451637,10.275802488306837,9.912074050348403,11.070415257865543
2021-04-14,10.358872907715869,10.878466129172965,9.90258269919822,10.152913378846996,9.806208760703143,10.69536997029401
2021-04-15,10.319337941681937,11.037127377762776,9.899255445438982,10.24922418584643,9.741151405448965,10.887781787903116
2021-04-16,10.32868422668452,11.08276254950594,10.101965064337575,10.395808747804063,9.732290866679348,10.858235383036149
2021-04-19,10.388590605500607,11.212208572611628,10.162217850852324,10.45669984503869,9.907091029080998,10.942671985941697
2021-04-20,10.533731074564772,11.173913235026768,10.270718121014378,10.432899388689114,9.952234676553976,10.826624823252313
2021-04-21,10.48552936696497,11.237245740085061,10.371070192088386,10.46000874818224,9.86685758526817,10.733284617204951
2021-04-22,10.445979096794707,11.155668074541882,10.444524510002992,10.64128093015698,9.920493983569793,10.624269407620037
2021-04-23,10.39713817421121,11.10871741641965,10.593980586394522,10.479678781566314,9.867955479110558,10.733285197038938
2021-04-26,10.494157497054404,11.215844417764115,10.652621313348465,10.571093871817405,9.970686707324788,10.726376150112703
2021-04-27,10.491972043629545,11.02035269851055,10.618273487639433,10.500756975035246,9.871242432874336,10.64212288051933
2021-04-28,10.400452390734216,10.888354082008597,10.555905426821681,10.36350300094429,9.870795132382389,10.501639074996689
2021-04-29,10.418140315731822,10.746394378647947,10.474234148081539,10.264917316658176,9.948280746369816,10.484098056763285
2021-04-30,10.262076728972422,10.658748633899167,10.188016852985944,10.11002044539665,10.012974312200178,10.3475911216017
2021-05-03,10.329827323784679,10.763625198703512,10.311530611747838,10.013908970708593,9.922531640070476,10.429449092375807
2021-05-04,10.219600126796742,10.827409762955698,10.24392594249987,9.804371309103951,9.788017306841477,10.147844025263687
2021-05-05,10.206157965657408,10.815949502734071,10.21378784786058,9.89356871295172,9.886969211977796,10.13864482793165
2021-05-06,10.09337062742131,10.92770607282314,10.308913613661526,9.981256646553357,10.008183885535459,10.106287479388676
2021-05-07,10.314171392885633,10.898331831350935,10.417741542716307,9.905858370376638,9.974306250690722,10.288190965370937
2021-05-10,10.37635139334327,11.051872711490914,10.506139117574314,9.983875015676693,10.142962764192236,10.354897730897175
2021-05-11,10.222164982998098,10.973269782201662,10.546361919739503,10.005720951486978,10.012143137423337,10.285942981019717
2021-05-12,10.129257656730914,10.896401221943588,10.393164295785375,9.905031219577822,9.922898589097658,10.29989355258531
2021-05-13,10.189856442532632,10.878088456180324,10.356342429545398,9.908780578504235,9.855427306226764,10.199098290317659
2021-05-14,9.922399495539727,10.637195650373757,10.103150034228705,9.714702766624656,9.779682460888532,9.869910449597741
2021-05-17,9.76392193499336,10.46244909969462,9.997962554302664,9.540047878293876,9.555405766263833,9.60406652472744
2021-05-18,9.622122412982652,10.407410569802586,9.704921105471323,9.410251373454647,9.545589806001063,9.442896189024719
2021-05-19,9.557830675289505,10.245000445687474,9.608867786780124,9.17502103116608,9.294889329209486,9.403135265852118
2021-05-20,9.530628998219965,10.253721810103155,9.541638782873823,9.120545104283288,9.31605867574197,9.396608470631078
2021-05-21,9.463939199847815,10.197231830861895,9.488668705836195,9.036315996053045,9.367620299452641,9.21798785210719
2021-05-24,9.422438751184046,10.252724900452781,9.554491112229094,8.893860464834766,9.318558125964882,9.278973981207608
2021-05-25,9.607818225748494,10.41242759871903,9.657647847403842,9.015934698287932,9.444190543619978,9.409855972788534
2021-05-26,9.56905244702401,10.383555837576344,9.576641765803766,9.016095145099706,9.642130347402118,9.239945252247995
2021-05-27,9.679953453187615,10.403750876195355,9.690775710146314,9.106430946310384,9.76387076165692,9.413727078598654
2021-05-28,9.594842144361346,10.39977338336186,9.43119929163324,9.117190669962707,9.721642324147817,9.391452099637418
2021-05-31,9.483053539331934,10.3120027706194,9.427231149668588,9.094720932082055,9.73075760965875,9.452651189383953
2021-06-01,9.25185757656709,10.293255309415683,9.347589299628373,8.973839244780894,9.545335946340881,9.385156765950327
2021-06-02,9.043155340703839,10.313467989071917,9.21050034619199,8.941648684944232,9.513099837687497,9.437474180617677
2021-06-03,9.12207201813064,10.350100444117476,9.24867903883677,9.132143558583925,9.624002100469077,9.50745347548186
2021-06-04,8.928669137295394,10.041493008791795,9.131870816871746,8.81221493591073,9.5485725790698,9.323233056084096
2021-06-07,9.150358496669494,10.001968782920951,9.164557940656675,8.991575474898001,9.67818406735547,9.32315688254431
2021-06-08,9.195765847226655,10.030192395600166,9.208754627482056,8.970787747931787,9.693819745787946,9.234056792493964
2021-06-09,9.14652659161375,10.007237509415543,9.144132933188345,8.79166917497011,9.726582105163853,9.197488524071678
2021-06-10,8.946627187880086,9.838172517020636,8.916637984492544,8.564075404853808,9.573487819718165,9.129998467316987
2021-06-11,8.912066806800446,9.899289002491539,8.88726496535985,8.591210917274559,9.57187390805384,9.20482447974504
2021-06-14,8.82355233440706,9.724680269790008,8.749053299470672,8.499897389421973,9.438864645732977,9.17890192003118
2021-06-15,8.81802844623197,9.938467469175956,8.649934995850332,8.541135923665895,9.375492997752783,9.171315678415048
2021-06-16,8.8338820470251,9.760617965444451,8.670992266207428,8.676872914306374,9.346663462780928,9.195632344575882
2021-06-17,9.07666632763625,9.915509782860852,8.76393218331105,8.697062388769755,9.523186720349413,9.369969146794585
2021-06-18,8.982277347709015,9.903905589571654,8.706499064024115,8.636501263441037,9.554121935398415,9.246189688546721
2021-06-21,8.955098891447498,9.692667242386554,8.580832637690886,8.659884460250831,9.563130785025661,9.14230967647894
2021-06-22,8.910068865505556,9.672882937770975,8.603128210394459,8.684474605186146,9.573843246231897,9.162697556935788
2021-06-23,8.9211104726065,9.586990590726632,8.58814930845423,8.774978803890622,9.490302770146751,9.175997838165744
2021-06-24,9.006742975864903,9.735887944580202,8.673870398739728,9.035712003584498,9.639834871537836,9.233589691523157
2021-06-25,9.146775157254798,9.763647441683535,8.704498170438827,9.157076198283875,9.671923147325328,9.397094832839997
2021-06-28,9.131588401805912,9.754817582924057,8.690740950617856,9.15942811903815,9.789715404216986,9.488249054539953
2021-06-29,9.419037014493536,10.089663085643659,8.74101963724409,9.338310795863098,9.819424663286192,9.600778691643937
2021-06-30,9.24769639603263,9.88431472989083,8.574814099187375,9.190779481777215,9.632944957861973,9.530547742453745
2021-07-01,9.116225280624311,10.04482702615245,8.495775678684716,9.124394448797421,9.48693709962488,9.589942874806816
2021-07-02,9.104077381406723,9.97485959114938,8.335001161381335,9.035698078382481,9.334036988955154,9.597543740280459
2021-07-05,9.125805154553031,9.945054440676145,8.147086906521988,8.923178908806419,9.358839226308515,9.648462500307446
2021-07-06,9.065638388590937,9.68201859613006,8.064996935081496,8.843023163264206,9.134554528371694,9.49136499867827
2021-07-07,9.156193154366305,9.726159614116813,7.996366076624872,8.89354185951923,9.161899032370272,9.55618114059117
2021-07-08,9.095397844703633,9.672340317231452,7.979887116685158,8.902404415512523,9.12622579174975,9.502235615930603
2021-07-09,8.952493294225514,9.382540281970972,7.903620990958443,8.740598756202978,9.022334551760693,9.409513173200112
2021-07-12,8.714533169567058,9.140952323388454,7.848702834288791,8.63084301596453,8.96253855919616,9.263117858116166
2021-07-13,8.796382219678136,9.242564620000067,7.904909221589805,8.649391807328442,8.838754582027043,9.358575614260413
2021-07-14,8.972884683580862,9.375048951624041,7.9138614108757785,8.79118191004068,8.964857969796054,9.575521155894315
2021-07-15,9.121854057004358,9.558430065531661,8.114040378437457,9.022618486324335,9.035978084305947,9.845281811036088
2021-07-16,9.481760290689298,9.864027565673194,8.355581299212409,9.344545487438094,9.36938322887315,10.128462550613936
2021-07-19,9.486505798451377,9.910854028824682,8.45001819871062,9.28428881399063,9.306855451130257,10.017835565732735
2021-07-20,9.385024147926494,9.724620865828422,8.349256665112868,9.21990252159375,9.18730594448671,9.919960166833398
2021-07-21,9.138606437210004,9.564663616539594,8.21836598947048,8.927408132125388,9.018262128078872,9.751353472165272
2021-07-22,9.199595241675047,9.487876468722325,8.285043913562461,8.88267966017525,9.144273815836275,9.866480383633618
2021-07-23,9.13854883226463,9.422448219496287,8.21129950347798,8.842019155040798,9.059576558734614,9.791318876389864
2021-07-26,9.16225383568272,9.342533937992922,8.14195694164641,8.714371580629614,8.955316713843647,9.603697483179484
2021-07-27,9.15475679614352,9.421270195673161,8.191054040998893,8.537680512578484,8.965321256434219,9.644845796893346
2021-07-28,9.110298692441884,9.418046926845781,8.05260425398506,8.542978801668479,8.882308045647877,9.646760589307526
2021-07-29,9.112439392990744,9.56803249761952,8.202927194308916,8.607177634443932,8.882898350170542,9.607819952009587
2021-07-30,9.11330605162117,9.54229001111611,8.116376528874532,8.657922331443253,8.865712266075997,9.546520525424688
2021-08-02,9.060091663666384,9.61153271569858,8.14624083915315,8.633891574377504,8.901349414963551,9.443011725909013
2021-08-03,8.95837543390038,9.522307452892653,8.040144208890542,8.5535421677979,8.773912006537744,9.366384131219727
2021-08-04,8.829281840378282,9.14417425547951,7.993619648654416,8.174725890546844,8.614146100499235,9.256918741003545
2021-08-05,8.761183769962571,8.994588130267223,7.890656232694466,8.193803000654595,8.451882273415126,9.288934444373364
2021-08-06,8.755495182653837,8.90701694881691,7.8525947351062,8.124039395149165,8.510007010461601,9.340291864741552
2021-08-09,8.817693479450142,9.046726847309811,7.931174840617389,8.39643647012555,8.545415114650735,9.668452691540638
2021-08-10,8.832261862301163,8.978083236322568,7.900559260052811,8.358758473067272,8.470929245036329,9.694010514219471
2021-08-11,8.849411461704173,8.916741789955276,7.951950560073295,8.344362935233828,8.491774820489136,9.741854958519191
2021-08-12,8.741019780629841,9.016337193441043,7.921120164455473,8.31034057727188,8.34059996278228,9.635588363152356
2021-08-13,8.640631609575873,8.835491911631644,7.893585039295252,8.110479417321057,8.243590065574804,9.45687634552073
2021-08-16,8.55961874285389,8.704889602718605,7.808336293189489,7.999081422874576,8.13329492480065,9.386288654499918
2021-08-17,8.507931922581594,8.63578716405535,7.731476768544365,7.978835356216434,8.072504913135635,9.284312583918826
2021-08-18,8.730588173235232,8.953527326322426,7.805360416026029,8.249428726977014,8.094993938057259,9.546015344151433
2021-08-19,8.761427846602684,8.914604854944931,7.758804520267526,8.129808068671021,8.04527751975688,9.435446907008284
2021-08-20,8.79486585179896,8.975078079210313,7.834896682045133,8.168407483162554,8.051996371505364,9.431378954001639
2021-08-23,8.734473059627055,8.932498393394095,7.7860300092567805,8.140412077540285,8.000798498585898,9.361054881365398
2021-08-24,8.85409872255072,9.016139497951142,7.823462539017965,8.386354511388442,8.03637988345071,9.419744799815678
2021-08-25,8.928168213192178,9.073620175393598,7.766508412607989,8.505597513896547,8.058830988945921,9.382849061836506
2021-08-26,9.000902514898119,9.107127605979617,7.679637114739006,8.612614846587846,8.09392777954066,9.367175100102017
2021-08-27,9.115609694293783,9.117751924711033,7.677538601071215,8.565113850704968,8.131945032794539,9.401188942482596
2021-08-30,9.051725823375904,9.001384078107034,7.64115427604962,8.491990877602209,8.005252136545979,9.220633408342238
2021-08-31,9.143482214737247,8.85995955717561,7.688265722250036,8.50972067155766,8.12228413355111,9.236827315431755
2021-09-01,9.147445076829232,8.792770166798483,7.665146492438896,8.51318186356082,8.064928551124273,9.262468608528598
2021-09-02,8.951147927625453,8.704119978936774,7.636488124244007,8.428844197454017,8.11011999437454,9.073320165109463
2021-09-03,8.726818855162906,8.523310705692658,7.588281520296349,8.329010235867221,8.034584062690067,8.856897696697185
2021-09-06,8.801672321240995,8.458131204156217,7.673884537664004,8.542509989883477,8.072620830118357,8.919632400988654
2021-09-07,8.932085138591944,8.477923490575577,7.753142105302711,8.64131453851695,8.087318017782103,9.220650782195142
2021-09-08,8.971861405360858,8.520648572103296,7.7481525694032545,8.649168093499313,8.16372854523394,9.238946097205886
2021-09-09,9.001407445231058,8.49945595828033,7.720973408964197,8.541823879335649,8.030668184268198,9.209216733701735
2021-09-10,9.038983409339611,8.440297015552616,7.742074080933476,8.57874622480103,7.914885579682711,9.176513142105918
2021-09-13,9.2101086267044,8.585538237061472,7.767775560724317,8.735050995316344,8.069298158269742,9.38367526158949
2021-09-14,9.230246238529249,8.575809784243187,7.747210230357988,8.79452200763494,8.099519562808194,9.458996181347688
2021-09-15,9.200032413097754,8.597907383186637,7.72591203763656,8.806374275671043,8.131526596618151,9.35454978522132
2021-09-16,9.188309683184361,8.808745246123477,7.824888195617483,8.811185322931637,8.162353161798373,9.542246316809162
2021-09-17,9.217088544839596,8.814926867183502,7.9475036717731715,8.787541199716674,8.142131647018795,9.61104507171349
2021-09-20,9.41527464622021,8.996030403865902,8.12413774334265,8.976574832966623,8.281338229642751,9.774011142439441
2021-09-21,9.443850387160328,9.023894350825175,8.154795227989421,9.055606982352133,8.333844937685605,9.802160411843118
2021-09-22,9.25496951196464,8.91681799376441,8.062838760430548,8.932600316102686,8.400092853559476,9.620551139615598
2021-09-23,9.144469087400074,8.868512558119964,7.969246328952268,8.94746801041243,8.283773754808976,9.490056265453713
2021-09-24,9.264959577999353,9.000360100565167,8.112045633676166,9.200821368352262,8.421930236054664,9.78253534616168
2021-09-27,9.447976706475636,9.142529029419745,8.42691481056897,9.435871390617617,8.496641230042874,9.936411440707772
2021-09-28,9.361431597241841,9.196942807719747,8.391083925175014,9.426586174579377,8.482874217271508,9.976084615073072
2021-09-29,9.260990060424378,9.08459152648835,8.378876042159195,9.428734310938589,8.481741516221703,9.868851596987081
2021-09-30,9.47373299542214,9.17257858771237,8.461601655035816,9.534959679155929,8.677638924799457,10.09902962048063
2021-10-01,9.40262673943429,9.160905330001432,8.567888276910928,9.27715172604967,8.551244593739328,9.918678419939162
2021-10-04,9.246646419619237,9.000606335033867,8.478986035290664,9.08632873529254,8.514266598816489,9.818929245327999
2021-10-05,9.355384784936563,9.10108865007495,8.574241477476626,9.135694923419805,8.709263882122677,9.917261070553021
2021-10-06,9.17889680041222,8.994100916801688,8.427342253552991,9.093898387728931,8.675689805269709,9.836103568620336
2021-10-07,9.331052106787496,9.036073640297758,8.478850168975868,9.02824324754054,8.60941975857753,9.841391594306147
2021-10-08,9.33020107563202,8.890504325130316,8.456511193141619,9.01302115078161,8.586187671033748,9.761219495017933
2021-10-11,9.330156333536861,8.912137020416882,8.492232500761078,9.097926013759855,8.688099077081617,9.781102533034508
2021-10-12,9.452426080522175,9.078790589274172,8.64975621231983,9.231716667668877,8.848575983004851,10.030439548395243
2021-10-13,9.564551231842312,9.220522149750938,8.600146833444445,9.245801936453434,8.859245360693093,10.036625108757697
2021-10-14,9.589987387857136,9.176022506881932,8.661379799296192,9.266781131353115,8.91584053537549,10.05414738269611
2021-10-15,9.28736913245103,9.001231677696842,8.510024343229702,9.073909094466842,8.924229741261058,9.832580949110497
2021-10-18,9.322079963244077,8.922260404976347,8.421824797298513,9.186334604629883,8.858236953648639,9.74803194524754
2021-10-19,9.232650556380865,8.84041240302624,8.298333997515892,9.069143813754945,8.887036229180072,9.589985507880268
2021-10-20,9.006369093494117,8.797390821587534,8.239418282494347,8.888543744946796,8.690657234277694,9.396335312061423
2021-10-21,8.915258159474654,8.801492984802223,8.107251144233036,8.786759106667914,8.67783842057558,9.12437104466376
2021-10-22,8.958366251655617,8.690997066523517,8.106151954764663,8.769328582965786,8.73257372722501,9.130481869360757
2021-10-25,8.8867439518927,8.722432169188373,8.187635118088673,8.860064753754477,8.835738783179597,9.293551988329014
2021-10-26,8.797969892255356,8.590359740225038,7.970802165042854,8.683275812856968,8.771961377303242,9.06891738843264
2021-10-27,8.8492923236104,8.658533440404906,7.9838358271350085,8.478585271721482,8.68811439838042,9.213023211264609
2021-10-28,8.765166665573016,8.481863204547375,8.02937322683503,8.429969939583536,8.733520529917607,9.18232342290112
2021-10-29,8.767764597560875,8.480144869560425,8.052278815428435,8.551742685682726,8.781092270125848,9.033841658572406
2021-11-01,8.905326019818386,8.650833708213492,8.20944258198082,8.633712790957942,8.940223705617441,9.215050015117924
2021-11-02,9.150947261142976,8.650321528505241,8.220160224220281,8.673742335452038,8.94814087304455,9.212249349321038
2021-11-03,9.094005351181572,8.744388720862096,8.35100372026126,8.78934463482956,9.191966268503231,9.366397710473738
2021-11-04,9.175818829482997,8.75133696384215,8.397053479274819,8.794153155069516,9.284747277609553,9.35594124857652
2021-11-05,9.142327145640957,8.71618853487132,8.326140478948679,8.747699670270125,9.401545019124699,9.260263352228554
2021-11-08,9.153145713110518,8.786552737259594,8.387659070142696,8.726114429911743,9.21034763226581,9.276296832026212
2021-11-09,9.020999685908231,8.915876322613594,8.420903303742527,8.825565365592293,9.165796681851196,9.191522301651327
2021-11-10,9.062029623499694,8.93277777996849,8.404508075304308,8.853661551494607,9.38809616572634,9.275711454982504
2021-11-11,9.028415865233704,8.894779644805826,8.42157955442081,8.722104282337199,9.156149493629986,9.143786042575394
2021-11-12,9.100491877097417,8.837192740643882,8.419623043332187,8.686226093193975,9.277164996569434,9.211660342068452
2021-11-15,9.175981160236933,8.90528178317696,8.437900307440241,8.72745323838505,9.210322916342847,9.079736178827659
2021-11-16,9.461957644737579,9.169305847820365,8.725750640791185,9.126277002202741,9.525968158976395,9.288967299975301
2021-11-17,9.646076340470502,9.3899013357711,9.064944595314877,9.459392971490676,9.765230855578332,9.475787872252535
2021-11-18,9.488145507394732,9.36844526741217,8.917040569405316,9.342507581595896,9.691393503164228,9.501635602078746
2021-11-19,9.433798463287278,9.162760543025062,8.932042923588925,9.259171923445663,9.675296257739728,9.464973417435997
2021-11-22,9.25921187865926,9.083819539966665,8.706166239948463,9.054242789967649,9.61517198649585,9.256098667905
2021-11-23,9.082398548509076,9.079215705120497,8.739261454136782,8.986006725007572,9.422963809287712,9.245046114046717
2021-11-24,8.999031404251031,9.134639991873833,8.70597333650091,8.941020638453747,9.417650390179295,9.269646943380328
2021-11-25,9.082081379054392,9.297095837568913,8.776239884902877,9.152369644703949,9.536731411177419,9.35640058903963
2021-11-26,8.947439980892268,9.108615094597171,8.739819072229352,9.04507772898538,9.304757248736319,9.237377552059138
2021-11-29,8.819950802889387,9.164229150622576,8.57184924225412,8.870067919713772,9.340654740761362,9.267391644564727
2021-11-30,8.556299029519629,8.91851464279082,8.445795309093416,8.475417791044318,9.044340170416051,9.012197157289568
2021-12-01,8.650356841477556,8.875203043888678,8.442578647902199,8.537344741156446,9.189116094920669,8.955795405797716
2021-12-02,8.547232045756928,8.90891913081467,8.260698267643235,8.495177465342744,9.038342514263876,8.851353796316847
2021-12-03,8.482150509152708,8.794914789528649,8.158224389134524,8.459415248170984,9.074241058631427,8.788388064125588
2021-12-06,8.404856375345085,8.757385373295099,8.031629608986808,8.418004482610002,9.07141163748326,8.88136540433768
2021-12-07,8.373940922390023,8.719528705473593,8.076756103299108,8.46551383522079,9.028958534254908,8.845372391184377
2021-12-08,8.244649104065692,8.507037425042556,7.921683823401276,8.287511083440688,8.973455021077111,8.620077937835301
2021-12-09,7.990820522552941,8.25276132786521,7.7380066031302945,8.052267499952636,8.857798590975294,8.390808138294855
2021-12-10,8.147219575433223,8.389016544210534,7.868449328344795,8.362322833489257,9.065968129306668,8.613534651511753
2021-12-13,8.000717871558257,8.25089243772887,7.79730435032643,8.267988048723966,8.908563104632583,8.48545732796182
2021-12-14,7.77585128122449,8.173287132430005,7.767534676865573,8.137994793071217,8.960841999288764,8.317300828609413
2021-12-15,7.95970004369077,8.331952463940608,7.898383251174035,8.323923253141105,9.108819067840756,8.564734270061265
2021-12-16,8.325967388079288,8.591344716057899,8.17168796984954,8.589462425966092,9.39056085424747,8.819926059941569
2021-12-17,8.28946487842585,8.64097154517918,8.077457638379556,8.318175890614503,9.26294944173599,8.784576660905035
2021-12-20,8.294306003109433,8.62767992885355,8.117610954093633,8.313891289002589,9.328682183146412,8.812772667552148
2021-12-21,8.432559347641584,8.686175642335982,8.205494681875054,8.331628424629688,9.313522781664021,8.973664059164266
2021-12-22,8.621067536055945,8.90447705490945,8.350235617344559,8.478235295644033,9.451604592932167,9.272047839473615
2021-12-23,8.564837357846095,8.696035641212449,8.262053684999858,8.495566460341314,9.36238512891794,9.033722011587162
2021-12-24,8.674512032532771,8.724025183040283,8.241251686154666,8.44637899206667,9.428177885684763,8.970718168710244
2021-12-27,8.83716279903313,8.836218157985606,8.320399726960044,8.542064870236871,9.479045669371049,9.134346433033265
2021-12-28,8.82401675106005,8.764805953991637,8.398250258268718,8.634967640625158,9.553235498283787,9.215336788928449
2021-12-29,8.766877982144386,8.78838453229102,8.368497492066535,8.562842316318347,9.503393778564963,9.325828115004743
2021-12-30,8.636244213151588,8.814060803762247,8.249253646348828,8.543245358142949,9.463510616398255,9.159515490541555
2021-12-31,8.530197756599673,8.664704321251303,8.010925541010884,8.454785114926871,9.46828766753795,9.11920873399168
2022-01-03,8.53474765304186,8.649096362541602,8.081173774123908,8.54585386874772,9.539291253000252,9.027485207632823
2022-01-04,8.525760888680933,8.658181643217336,7.9478541363418564,8.55143257230522,9.696576919955232,9.047378400789688
2022-01-05,8.653584601224008,8.694683281643435,7.963109100815969,8.605086151889935,9.65551463392762,9.00589254612034
2022-01-06,8.68938831218443,8.742575195884266,7.861920021303677,8.613580128905683,9.608225816067499,8.972668286657386
2022-01-07,8.772686308151224,8.858741152500226,7.9045139702388525,8.765765064254516,9.673136233086852,9.071949587107303
2022-01-10,8.820568581486123,9.111836884347513,8.012429129478027,8.931962497874654,9.633142551958025,9.126337236562158
2022-01-11,8.92804201134734,9.15052441000627,7.904794732631809,9.026603267141345,9.607163628297771,9.250158309847944
2022-01-12,8.961787566590214,9.202196432007783,8.008652843431538,9.004400574586528,9.562371368329506,9.277850855538913
2022-01-13,9.03055239572741,9.112691876611231,7.909050908487007,9.072456751747271,9.524028799444133,9.257558034812325
2022-01-14,8.901079223680885,9.066213492359472,7.911208401892809,9.142690280490104,9.468933740080194,9.383992694595483
2022-01-17,8.782618405019308,8.951912396617638,7.957901478938303,9.077385001100371,9.374701729267102,9.293715467959787
2022-01-18,8.914393203533885,9.090425098910396,7.932138787851671,9.113144643381574,9.40945079656293,9.258879854291582
2022-01-19,8.904088414754781,9.084458629485116,8.000205699994018,9.192740186191767,9.380619432914278,9.234987704889226
2022-01-20,9.174367700489093,9.244924625643145,8.199555936766252,9.435289760239856,9.473768305619354,9.402512352663393
2022-01-21,9.455293040228712,9.389409439190997,8.43378952807324,9.588056784279148,9.623461930183606,9.771411546254614
2022-01-24,9.421408771340932,9.288243671989566,8.554685000542884,9.57401085752624,9.656093347838413,9.774210455874123
2022-01-25,9.362657021084198,9.147574312601623,8.484470398585666,9.518769382877997,9.521905230351338,9.63323083431491
2022-01-26,9.221283211253692,8.941926144086963,8.371126350650187,9.39719688557208,9.408266068454603,9.486715728125256
2022-01-27,9.351391844074122,9.009413854394676,8.51463657428501,9.652671578000009,9.469423776266053,9.664814226245078
2022-01-28,9.365713386956374,9.063516166943689,8.646045718573163,9.726900344008577,9.359725123066355,9.733836571906787
2022-01-31,9.515067312823774,9.095860062920893,8.757311866767882,9.734883467282543,9.289272991567127,9.804605352242394
2022-02-01,9.19893110621354,8.917251579286487,8.707670922905793,9.380528008151764,9.066614980219107,9.523776494973102
2022-02-02,9.297124406857142,8.9806411565652,8.885329032782428,9.566528923047041,9.175895899978956,9.645423063811137
2022-02-03,9.379364797462095,8.964224603002549,8.987551977147586,9.5390127897711,9.275527857086649,9.794060544360242
2022-02-04,9.27929880665976,8.85113240865641,8.926219515010612,9.19553834415663,9.216579956587779,9.657531640139645
2022-02-07,9.228969060772686,8.86036298270075,8.884592087817042,9.06027488555387,9.173787478382877,9.610709844819882
2022-02-08,9.269461181251653,8.899155923672696,8.983879086328752,9.01432254567289,9.21008427723475,9.744407212940636
2022-02-09,9.151033762684971,8.919673864901956,8.949268482212252,8.996001747029409,9.150979217878369,9.74034895267727
2022-02-10,9.259358966236862,8.80577936471929,8.844675278560315,8.872319718820195,9.259382168046915,9.673091464291208
2022-02-11,9.250216144040019,8.77074749542386,8.772528841390141,8.846425281902038,9.438688085945948,9.772157923759302
2022-02-14,9.16439234052367,8.795911094978642,8.696750459684232,8.696168266689348,9.49971473750251,9.836245964559776
2022-02-15,9.261523796125564,8.779678779167444,8.700445220516631,8.767730910076756,9.545023121552148,9.82643337039535
2022-02-16,9.302882046874132,8.926687756276511,8.900408959469164,8.84966147504095,9.714671449590917,10.032586284950739
2022-02-17,9.089255764792965,8.754056013994166,8.644089113026867,8.459100147365927,9.474099198357187,9.798211559267727
2022-02-18,9.02893011281923,8.686822355182905,8.503032759692179,8.555166136697812,9.52177108161026,9.833531772416944
2022-02-21,9.12143283233984,8.74588170478669,8.503273061330722,8.565355150916806,9.50657896965141,10.067544974746816
2022-02-22,9.197258287262276,8.743260376762963,8.561497987759166,8.530521262152215,9.648761703226034,10.053439910198508
2022-02-23,9.19841325992856,8.786724251343104,8.560926501314968,8.499174230266986,9.623569132756073,10.006833007030256
2022-02-24,8.975869168157544,8.598655591957739,8.524567551230268,8.30739170862321,9.429125748309012,9.758965939697578
2022-02-25,9.093351901115224,8.677693524630204,8.592022753249204,8.326990938653436,9.501633633390043,9.75043307882083
2022-02-28,9.261167021337538,8.907401105315996,8.796128063605837,8.44661154627477,9.575786501823236,9.968072718147848
2022-03-01,9.228859982610592,8.635198015204411,8.693096381307848,8.195794583805299,9.410971300827315,9.759265162214348
2022-03-02,9.293926994596077,8.679125530462471,8.76701286183065,8.25264740892645,9.371475836128237,9.926553941191441
2022-03-03,9.31850479895631,8.710686316618654,8.635926941646265,8.240302447732512,9.400243452352317,9.808934077564118
2022-03-04,9.31643249881655,8.699774550427747,8.762027916789268,8.363899480585488,9.274626249458834,10.002229342658097
2022-03-07,9.140448851633433,8.675103082737172,8.746724245037552,8.189948219305805,9.234158980190518,9.870126406241617
2022-03-08,9.149449046712077,8.663553904012103,8.806193748370653,8.162474749983817,9.199735970526191,9.919864427879713
2022-03-09,9.33494464169479,8.836425971983298,8.86957191052614,8.230924678974128,9.260202119202418,10.03027704441778
2022-03-10,9.461175250185502,8.962924893884537,8.90992493576281,8.389524162353975,9.410706556113198,10.124017213303116
2022-03-11,9.59308161775034,9.245341307660732,9.05400581645299,8.58635544708032,9.523765125429737,10.268266229432959
2022-03-14,9.61481045836209,9.41029387389978,9.100063433041178,8.933536826023047,9.53703677293335,10.3145014703281
2022-03-15,9.707217942690686,9.57298095673195,9.14526319709849,9.026929383460113,9.434983331653308,10.316542462872633
2022-03-16,9.824072433930187,9.605404373940607,9.307403805558293,9.066605282104396,9.474479394436285,10.494567356656667
2022-03-17,9.812610349302368,9.683294092568225,9.371675720180308,9.18497565071874,9.56977857417118,10.65043832089648
2022-03-18,9.91083640692951,9.794292850785473,9.486390743409096,9.294695598591318,9.608334661149732,10.732378119719057
2022-03-21,9.816605429966316,9.80008561681355,9.456153166915104,9.213357738539049,9.537713166932221,10.594112968475034
2022-03-22,9.905470876355935,9.816189055735492,9.400077760252861,9.283438866781742,9.503751916925268,10.4872125842179
2022-03-23,9.910692763853095,9.706207335252895,9.311575989134775,9.20739139962366,9.5395005086208,10.403924970150388
2022-03-24,9.933009551934324,9.852993133633431,9.364852148774649,9.46779181410306,9.62114938457822,10.345812180106078
2022-03-25,9.830851193355485,9.88814228163583,9.38287549083912,9.467882643587904,9.454134412654067,10.277186778321541
2022-03-28,9.86702324728544,9.99039035238028,9.359109319960815,9.515422299162921,9.467492291237722,10.452973091011033
2022-03-29,9.912677021331689,9.995784163904474,9.245127621325853,9.471398099463272,9.399812699302494,10.504901655005538
2022-03-30,10.14702265473259,10.207998067683821,9.293716940777152,9.406905447372322,9.361301751248202,10.779994746863323
2022-03-31,10.206811844177759,10.230053618953631,9.486151340955958,9.595855762917537,9.424777406802335,10.85618939194697
2022-04-01,10.417004080016781,10.448833820182791,9.776571901600041,9.855303406504397,9.626677770534048,11.205719836120709
2022-04-04,10.411750439985274,10.596072003043357,9.823697653478007,9.75122351125251,9.524898013112702,11.21695845006039
2022-04-05,10.272189954395985,10.43623038003556,9.69787172733924,9.712187149913147,9.310610507939183,11.006550840951522
2022-04-06,10.293523532923919,10.370975600647807,9.697222978819596,9.583112662496083,9.414481140422819,10.94116823261255
2022-04-07,10.325761947589744,10.245323188828802,9.673964598531835,9.440582066559799,9.32502401356192,10.740096294697615
2022-04-08,10.278160370802716,10.219184554471978,9.57016771463887,9.372018948997656,9.24342456659195,10.87444108848315
2022-04-11,10.455944140848576,10.514323671592471,9.694398432881208,9.575304951978522,9.264377443894936,11.038944890833806
2022-04-12,10.55532980228688,10.723163832354937,9.772941944186021,9.762899624028053,9.364534702228825,11.273646508904985
2022-04-13,10.46983685577186,10.854087144726329,9.67487067381916,9.620380186591868,9.224385277022103,11.3925994530583
2022-04-14,10.42032356028485,10.714445653983628,9.683063185158261,9.552752158655014,9.295997234044561,11.118610556023544
2022-04-15,10.406455554806653,10.681922149399332,9.537466146939499,9.640703742009322,9.281829598596389,11.192445524537884
2022-04-18,10.461122283399888,10.520558452910961,9.401002061459971,9.505032885159046,9.265404706270937,10.982355746947192
2022-04-19,10.332341039477807,10.539107783846518,9.373651662762688,9.274244828733453,9.127711429543261,11.028513457590128
2022-04-20,10.407331590761451,10.512587204403989,9.391351853112386,9.314399148225402,9.208642482040272,10.953929594605444
2022-04-21,10.4807399187742,10.666921211092946,9.488924164950406,9.49740467342311,9.209220481720436,11.143312743319896
2022-04-22,10.651658878833084,10.780307424843885,9.556891858076986,9.566044841270037,9.197357194859345,11.222655964878383
2022-04-25,10.482858468133783,10.518571190913008,9.291063887673538,9.258708275308429,9.042967151661713,10.886536845988921
2022-04-26,10.565053957830743,10.599674171793087,9.38716433905752,9.403394665601644,9.141575461698435,10.848651634765831
2022-04-27,10.502023684792494,10.604594399885261,9.362757682956692,9.329140324401967,9.118095752591493,10.82027080980331
2022-04-28,10.500114074641552,10.627061066811677,9.49124554641502,9.395585826401696,9.335436642662042,10.89276099471714
2022-04-29,10.677570399703027,10.811859494402702,9.658765535145239,9.625680415328683,9.622772946028023,11.036379167627185
2022-05-02,10.502357789703712,10.602208174584582,9.35899851811262,9.438222767062623,9.56030130544667,10.693963450118053
2022-05-03,10.43445767920524,10.395779774625169,9.217220428318477,9.449312377045418,9.481843966316532,10.527192205971943
2022-05-04,10.529561883717859,10.419854831519924,9.236512884679282,9.579247575446425,9.443507032621524,10.529424679067354
2022-05-05,10.355983239138071,10.332127561006043,9.19458106429224,9.342173040826804,9.394700754595458,10.268369600204075
2022-05-06,10.693475933833653,10.401283590685441,9.425084981068803,9.47091242355005,9.667752205006243,10.506171086210628
2022-05-09,10.656528577806867,10.401168332270647,9.52005697755821,9.598181158738239,9.6952546009216,10.560094090037882
2022-05-10,10.831191632249775,10.507999555763456,9.500086038179138,9.641209939241085,9.785183235473943,10.776358574483243
2022-05-11,10.904505426802357,10.514173495608357,9.474399371315158,9.631916185773145,9.690950722077526,10.692317017981498
2022-05-12,10.939657294506997,10.50189370044234,9.575453919346,9.74864113001538,9.813655215445563,10.84870679139714
2022-05-13,11.101596993213443,10.670592085090462,9.671507433342875,9.916645415646768,9.846814878055223,11.025789584193413
2022-05-16,11.195798274457559,10.642816721002488,9.69983379883824,9.899054893089502,9.827894602067222,10.961185323048223
2022-05-17,11.34508469445169,10.763681564236936,9.766248106069341,10.089038385902086,9.835635561207365,11.26562186570653
2022-05-18,11.36455512970497,10.819626816726782,9.763103743506594,10.156516026897087,9.92736239852831,11.295682778974223
2022-05-19,11.417576126912891,10.746396821013908,9.708817189542895,9.976074471833552,9.893596379012488,11.16972398386077
2022-05-20,11.34748983467475,10.66678330562551,9.908189873705323,9.939166038913053,9.770642461344222,11.091078357720175
2022-05-23,11.327516810051977,10.699869282142359,9.941386139650636,9.976517923908082,9.711711507494378,11.1042068774528
2022-05-24,11.3029878806311,10.693096504919694,9.907400691368334,9.932820197796365,9.829388300702398,11.220887467053874
2022-05-25,11.52871521119631,10.812236637087992,10.066140244477994,9.921155606028458,9.983137848686802,11.377034726320439
2022-05-26,11.450623504374065,10.729259037439459,9.891898483757075,9.675163204106672,9.843738803431034,11.28656271131278
2022-05-27,11.50214523411506,10.601994210058779,9.806358068169374,9.60671523608594,9.80912753775691,11.150773432279594
2022-05-30,11.573065487738868,10.700239715657778,9.953309389542897,9.699026461259825,9.924201935334743,11.452498276412484
2022-05-31,11.359907555883693,10.603260853415508,9.96902814975309,9.578686532696416,9.821952714752152,11.45955001977747
2022-06-01,11.229633935949021,10.609210394839579,9.929988175121945,9.45613519179792,9.796659056883666,11.378695783684815
2022-06-02,11.352890377589242,10.588487906798608,9.955378905904414,9.478236780826855,9.87208548243697,11.31686722417964
2022-06-03,11.562572067243519,10.725663415580991,9.932429389075844,9.675659293719082,10.124088139831196,11.5286013318062
2022-06-06,11.701694785106127,10.737681528149324,9.805587672597817,9.537891618082897,10.149454599276746,11.479220006111595
2022-06-07,11.800938584105252,10.885834510668094,9.9805216419284,9.590080161619097,10.228320309794805,11.810663779208246
2022-06-08,11.82109010027608,11.063943021830998,10.025191099771702,9.73961453777768,10.39552104159462,12.008386669441137
2022-06-09,12.02868280389686,11.062856279924048,10.198226479481642,9.779579826747707,10.493582648457862,12.160126593143348
2022-06-10,12.158002043956335,11.160679997333231,10.185619168962923,9.74519804094927,10.619390734733985,12.263885109188841
2022-06-13,12.609865269206459,11.435019104561476,10.296783672589712,10.116988132873386,10.79722673930432,12.652621204670409
2022-06-14,12.520191643518565,11.565291170263919,10.208628573755526,10.06625530199341,10.79220186129328,12.515269871716473
2022-06-15,12.271244088643838,11.476304691436782,9.983254811526685,9.848043996164595,10.388160886933287,12.215436455419225
2022-06-16,12.474617076407895,11.597834797964335,10.225586427531981,10.026426171946127,10.515491596990254,12.421133916342626
2022-06-17,12.225054464035948,11.4420718436475,10.263919771822522,9.804311340499497,10.415660771671217,12.316852497736337
2022-06-20,12.417353679971072,11.529290018923477,10.231985311783268,9.923349532958252,10.367168150918879,12.436697753729046
2022-06-21,12.475438321347976,11.792681448704352,10.327873017537119,10.009111228988296,10.465436319865804,12.667262569550228
2022-06-22,12.203346188241797,11.652079229129269,10.130328850044448,9.859719274166967,10.368420368214899,12.421777597193696
2022-06-23,11.990745069703708,11.518273239970567,10.05998234008887,9.868878827217223,10.343118893718215,12.334733916668757
2022-06-24,12.070457586121968,11.377600624553235,9.95229431080025,9.72820801078533,10.129041426815808,12.058833985946249
2022-06-27,11.916831554729095,11.345784356830022,9.86819577431405,9.644204558149495,10.154553232012098,12.029941402287045
2022-06-28,11.966946032786518,11.340699655193287,10.002572779963614,9.760827713412418,10.065026043703195,12.067525847145513
2022-06-29,12.060544568249142,11.477905139237212,10.1285361984951,9.850743432850772,10.159819503548098,12.154248722424212
2022-06-30,12.039007446188359,11.49070382156503,10.159654130118982,9.88513251423565,10.034236095528652,12.159938860894684
2022-07-01,11.854371443303455,11.30043795111693,10.009883429765738,9.750629086842448,9.836336937411698,11.80275576640933
2022-07-04,11.514903406039545,11.102067098098637,9.932442355493446,9.53179947607749,9.541459067655154,11.459589085538157
2022-07-05,11.550578284818735,11.127700497427677,9.98377771754554,9.47116768681465,9.554209833749617,11.509262146569023
2022-07-06,11.568713683001492,11.005324873213418,9.915723074639981,9.215816521947394,9.473377816695123,11.399315458574872
2022-07-07,11.540540391847745,11.0764608626796,9.957259470477677,9.105933318749935,9.529259627190129,11.381511958437331
2022-07-08,11.684599161895958,11.047678539631786,10.028566784394075,9.16881562955638,9.61140542605347,11.493555626510464
2022-07-11,11.684223801814195,10.931978085386064,9.926868715858443,9.144506161429076,9.625272690372107,11.46040711751726
2022-07-12,11.85124910199756,10.998065424401762,9.924086034350033,9.214807422443677,9.706906940937243,11.599939978457222
2022-07-13,12.067551979078445,10.969085103675177,9.94283838949306,9.275603818418116,9.727031847808151,11.589197755625694
2022-07-14,11.997051195031519,10.988517573689872,9.910071050225774,9.212374855045223,9.711239257934249,11.569999355006617
2022-07-15,11.960441971988518,10.963957145368632,9.777308958244744,9.114068669747123,9.515974430342865,11.429974186169973
2022-07-18,11.978753578285179,11.019355678146797,9.708609267015492,9.172679824953665,9.390814924569092,11.295336019454613
2022-07-19,12.079346631368665,11.194203656276986,9.768206309842316,9.195033123402897,9.245727091165492,11.14394513509751
2022-07-20,12.212035531479977,11.261880713813566,9.759982597345244,9.29833085633904,9.320529305971025,11.343955360405735
2022-07-21,12.174938189863509,11.329995689103729,9.72797338828305,9.246072811473404,9.373185930537781,11.205427279680231
2022-07-22,12.532523604010384,11.429748250115905,9.808581222730886,9.348911636648628,9.559517681384898,11.351494650900394
2022-07-25,12.339787127232887,11.530396242454692,9.76082935941249,9.328011047013987,9.444925113616003,11.366238079836021
2022-07-26,12.264055430662165,11.529134211134288,9.731208197139408,9.46123106095001,9.590120286851331,11.357771627058339
2022-07-27,12.393571713299472,11.598498749828256,9.897424920164156,9.538460171270398,9.627020359839438,11.566039301832646
2022-07-28,12.064462984890326,11.35960510114591,9.595761720201978,9.356028303385061,9.621743190680018,11.35924477798315
2022-07-29,12.029919349808873,11.134675941013214,9.501242613742079,9.137096994470815,9.505541383173856,11.255166941724921
2022-08-01,11.840248879221287,10.843780956962714,9.275499163281143,8.871210540274081,9.43047081948145,11.242587469624397
2022-08-02,11.656495161060576,10.426546082017659,9.182120984167973,8.68024472345671,9.140351030403018,10.906420493400011
2022-08-03,11.672157141134058,10.401896721709502,9.032021335333724,8.650551830131288,8.93852515661977,10.801306238018586
2022-08-04,11.886203881925683,10.48855229291875,9.06231309167358,8.797659526056194,9.067702718010453,11.017892502970636
2022-08-05,11.935238208059058,10.55158266637128,9.09437870602652,8.787002745068628,9.056223735444881,10.962500108052694
2022-08-08,11.851959913805615,10.496247147232186,9.093703213493072,8.828409119601343,9.179548274811447,10.98844481961928
2022-08-09,12.103734240269954,10.71186629825198,9.172843529545943,8.995985783231603,9.247778087366287,11.256051201117813
2022-08-10,12.358548890093559,10.761985641305118,9.302525209609911,9.272250111705402,9.339515509153596,11.482884139793988
2022-08-11,12.40784618027612,10.668784083417414,9.337678017981192,9.163867488954278,9.291002859229616,11.575974722997897
2022-08-12,12.644590513529561,10.797868486990305,9.493599468262374,9.320142591062964,9.399736989167813,11.832733817674432
2022-08-15,12.589801951406175,10.815190429557749,9.481225405133484,9.21586083327229,9.341301672467397,11.999141761775324
2022-08-16,12.512216090788101,10.611408005243865,9.295157463143683,9.113010380048607,9.397033598176032,11.864058595917491
2022-08-17,12.562405038876893,10.578790620306345,9.281641547306572,8.951003742702769,9.424926597857615,11.751099882513582
2022-08-18,12.440106764196443,10.352040451825014,9.170064319958511,8.812052729654795,9.302458801905955,11.583407810139928
2022-08-19,12.292004950293096,10.206529561714138,9.214852789929646,8.7893841128939,9.18188232824577,11.515337561603133
2022-08-22,12.173786875742202,10.07569831455509,9.263409111019254,8.633503880501168,9.226326188776756,11.445894049169477
2022-08-23,12.271586599269027,10.197263400850435,9.379887279834316,8.66656518118011,9.344611071692643,11.571745688277172
2022-08-24,12.39788025430374,10.371482153999898,9.641143056478475,8.979287499904062,9.536270345807841,11.706801263135011
2022-08-25,12.254566824058637,10.29584617095114,9.575947086604819,8.881612019987369,9.459060517400188,11.50948274845479
2022-08-26,12.255580530555735,10.185647203343109,9.640538938819411,8.941543850903889,9.535693804983987,11.444727518640647
2022-08-29,12.176839401831376,10.245717045165803,9.556370773569453,8.822626026630097,9.481068603300443,11.490289182801266
2022-08-30,12.148938589332749,10.316695538807341,9.540841481613096,8.839372955979268,9.51799350491217,11.685277083525055
2022-08-31,12.311677239257918,10.342858594699997,9.503648421245858,9.004884085920253,9.478723540545943,11.617115033772624
2022-09-01,11.88900679499799,10.264071130468631,9.41811784504398,8.972964320104138,9.236804566433694,11.499411390702235
2022-09-02,12.028869940754117,10.43448892863918,9.378924749816532,9.188670000927337,9.370009254183557,11.629232415456496
2022-09-05,12.011868853214638,10.308696329235023,9.285976388373811,9.087300483265606,9.189564117128747,11.627820239414117
2022-09-06,12.057343980334792,10.197222019145105,9.268592218270578,9.009388729285273,9.176606920878575,11.498593372766015
2022-09-07,11.83029236611038,10.172322162127772,9.174710626107542,9.035662337589779,9.102690618387122,11.270369165324492
2022-09-08,11.86193396906834,10.157345715999035,9.174985268506514,9.049367369240242,9.009840192550985,11.173525995791405
2022-09-09,11.909274695683823,10.101259735974766,9.195418241235556,9.198737083089537,9.06221558308834,11.114618385816113
2022-09-12,11.741123347678212,10.219710397258151,9.175582283572039,9.131778550122467,9.031585521763343,10.96225375551208
2022-09-13,11.925641175148233,10.225921723094253,9.308151838729486,9.176067780736298,9.163637007819922,11.031924108219975
2022-09-14,12.06259523004688,10.327168796060509,9.389512321076985,9.246342369487387,9.17730604764474,11.254870780211391
2022-09-15,12.164477297699454,10.474367112361895,9.510468405734,9.434955381605661,9.249420308356331,11.468497970265378
2022-09-16,12.105048377478687,10.308933090529157,9.483913022075976,9.314275118637461,9.099553153893535,11.43702893575698
2022-09-19,11.9517826839045,10.197154694435412,9.399516410046832,9.004034176655171,8.895278193868648,11.416725573157102
2022-09-20,12.004021211970082,10.36531807008577,9.444889209676125,9.134678219904949,8.931877751033934,11.620725166090324
2022-09-21,11.976180265128926,10.29576414678228,9.339992782304808,9.118399839010216,8.824726575944483,11.617400272026298
2022-09-22,12.394063664048593,10.532849677954877,9.495387951365743,9.244017342434638,8.772400499536381,11.654790241910124
2022-09-23,12.582669991319491,10.511865391235055,9.47947809179065,9.2791373561081,8.728944671016718,11.598166070660419
2022-09-26,12.563735618319395,10.426175650788679,9.415031205957137,9.208506415026413,8.759238520573664,11.561819171237458
2022-09-27,12.601638239236815,10.517676404914226,9.438194623349005,9.231127084966937,8.82084330504722,11.676508345480192
2022-09-28,12.878985236238957,10.744647808520844,9.555193798842666,9.399377809884298,9.022613272489101,12.00172966512756
2022-09-29,13.245275783108866,11.008597227075583,9.74940984142486,9.7061149632379,9.250868799230682,12.400999405794657
2022-09-30,13.250676039334852,11.143039114995062,9.776833446674436,9.766520646438106,9.280487417408178,12.439757978281234
2022-10-03,13.202751546976614,11.228074646699293,10.020252454180197,9.759643047690304,9.301457413075266,12.423269617214006
2022-10-04,13.321298868446199,11.499885884249341,10.070595768563791,9.858609368385153,9.269390592583393,12.513873491568878
2022-10-05,13.018118123030245,11.460105211601775,10.220985562532567,9.727739811982195,9.08635984318587,12.4797883915471
2022-10-06,12.99787850296331,11.623916616497551,10.23316064209937,9.722160751124774,9.101743975475802,12.610222223087213
2022-10-07,12.975728463841183,11.578364050583353,10.217822709602132,9.623166675546994,9.132106812815978,12.431157459099074
2022-10-10,12.982025402173454,11.690904086529361,10.276147654423376,9.709787430219142,9.154387774141654,12.59962785474679
2022-10-11,12.958480299369983,11.634665361330486,10.27574553487778,9.668403168074827,9.063087101964335,12.343595237955508
2022-10-12,12.770863863683594,11.496748640726523,10.216255577129099,9.407733504441293,8.883644784104055,12.15678876455004
2022-10-13,12.466767713243975,11.085445134230197,10.053603283711665,9.03184748367337,8.670402860034292,11.988203339214348
2022-10-14,12.493047214230597,10.854161814164975,9.926231824617993,8.910501381220769,8.717340058115335,11.784260814586432
2022-10-17,12.384825769426289,10.94040407119981,9.857440049606668,8.912665749249394,8.585548968282744,11.706567147052954
2022-10-18,12.185190944863047,10.818665281420936,9.89996552244923,8.878501264672883,8.546110445989434,11.59898232623069
2022-10-19,12.444062839177992,11.07005129249325,10.163879558493514,8.912056892660235,8.629372824118429,11.892829206141437
2022-10-20,12.599277200527846,11.238501542271106,10.294956095953198,9.018016775455822,8.67503142473207,12.033075364976234
2022-10-21,12.58027025158369,11.064625253625938,10.201028720428765,8.924392207140642,8.717757208709726,11.868886188459346
2022-10-24,12.733403272744582,11.218452797602064,10.23243022149255,8.951028889476225,8.723021405468305,11.898187258012136
2022-10-25,12.765846783057562,11.195048765038816,10.216159651710248,8.827613070442705,8.629916705326083,12.048172457935829
2022-10-26,12.711141300885881,11.096384426719295,10.309782869901108,8.818126420401837,8.65278808488775,11.997194204418554
2022-10-27,12.711187398255579,11.106347480768408,10.21744575201434,8.834971444273833,8.689768439858215,12.207175717260998
2022-10-28,12.816513057787137,10.9751235008874,10.272459647925999,9.104182482069639,8.798250402156674,12.223175872496498
2022-10-31,12.832196172316554,10.875008442219066,10.132990294170739,9.042383911104997,8.783313364299431,11.995799413953545
2022-11-01,12.877273965432781,11.00098469251174,10.204314214218995,9.196349011168419,8.778281339960845,12.224560126044242
2022-11-02,12.593956932044037,11.017786332143832,9.961621946332095,8.98797979168717,8.72826069927536,12.222132734168836
2022-11-03,12.631872087075296,11.071757680119331,9.966923591446568,8.917579983286133,8.697753795206106,12.10882943143065
2022-11-04,12.88944942376938,11.416671445293915,10.123984334199047,9.241545302084775,8.797332355374314,12.528960540773875
2022-11-07,12.877591567305211,11.576489823988354,10.174812890783906,9.36224239623508,8.763639338189437,12.572302995130176
2022-11-08,12.9955389822879,11.716077593827162,10.293900793820294,9.480865710656644,8.78529029113275,12.652248879080476
2022-11-09,12.773308451662759,11.632293655877328,10.358005808144842,9.373746664364626,8.699419712702666,12.852965450838541
2022-11-10,12.799245495782372,11.736928517111384,10.471539275093546,9.49558936168653,8.638567072214075,12.92364377492403
2022-11-11,12.631542509348638,11.96558739829072,10.336730364823625,9.412079183996168,8.566086290486382,12.764949876489686
2022-11-14,12.749118133475427,12.181898704315255,10.284488640783314,9.295610902988866,8.40542378532695,12.717682177642597
2022-11-15,12.608115048870827,12.024096489128516,10.23130506905236,9.236017402249377,8.37623577878687,12.57030877315988
2022-11-16,12.564937089800551,12.146650965770064,10.276996749363898,9.355163604756742,8.462432933858974,12.496831553829463
2022-11-17,12.305097802553458,11.970294252149971,10.113069288805555,9.313509838131257,8.42993877053964,12.481780342866756
2022-11-18,12.444584346514048,12.07781337490533,10.277757935269957,9.43014043385454,8.484092119015813,12.73650416420956
2022-11-21,12.618380842781384,12.189734809127508,10.316654013455736,9.616992376857743,8.648712074482628,12.90357606921436
2022-11-22,12.810482879848104,12.049001837191932,10.350920217251147,9.661171711558207,8.627768059512016,13.214509176180322
2022-11-23,12.766704829917492,11.97769506959939,10.328831885145888,9.475778201435249,8.558396522001457,13.276860607045148
2022-11-24,12.774676800604698,11.958910092504844,10.485490875068937,9.635662694897327,8.629283611337131,13.30553030046426
2022-11-25,12.710092896335173,11.84771807891657,10.375847008150425,9.520796710698235,8.568031436984992,13.15066133467187
2022-11-28,12.69368749734596,11.988938951583439,10.490156406922226,9.768735653791188,8.591531931986001,13.335984376296269
2022-11-29,12.464271639332171,11.741541119462768,10.377093762781955,9.606972079280053,8.48801142780939,13.021031301198153
2022-11-30,12.385696228626328,11.576780932781732,10.2815197334746,9.521335282517578,8.39185600860765,13.01795274570936
2022-12-01,12.22562209572332,11.259930648762367,10.118182191994546,9.210516590627144,8.238066237345743,12.641978753868685
2022-12-02,12.079304711337146,11.0288467555607,10.062151282358247,9.022623569895863,8.09787802325393,12.29522831580834
2022-12-05,12.301046975047035,11.271144549311611,10.216991512400167,9.34803502750704,8.286765448640331,12.472905804568049
2022-12-06,12.402425344078537,11.423534267703495,10.237428806980367,9.545673929664362,8.375454109002137,12.638493111341093
2022-12-07,12.372672109520732,11.498967026040347,10.186094416384206,9.453166949408638,8.43008490114759,12.630150574239487
2022-12-08,12.133629860851231,11.323894355909705,10.06305340158973,9.30456506681461,8.239386530383975,12.254236201290807
2022-12-09,11.647062432553907,10.897520693891817,9.740906673185519,9.010125878151456,8.03240989821011,11.844658985619454
2022-12-12,11.466098167965015,10.799287269687712,9.740408714154446,8.993489655366043,7.953178548842238,11.785842828765116
2022-12-13,12.005366670150579,11.077878499799944,9.911552182798696,9.262709373014461,8.122557006951844,12.125149001258333
2022-12-14,12.06777103310632,11.00406398897405,9.878874498805427,9.305175017380957,8.143973113503476,12.137736409002073
2022-12-15,11.978000546455611,10.948722103378689,9.900788445444924,9.234679568851972,8.135376431649489,12.007370672331916
2022-12-16,12.102749057981992,11.038687822580096,10.016381782640156,9.344840416985235,8.20822179120945,12.069309375336914
2022-12-19,11.91473139080259,10.956355882653831,9.823160106963494,9.118620015367362,8.117947523503522,11.886525606938214
2022-12-20,11.800726881226996,10.91930260346617,9.791781487563245,8.927198225097333,8.086816834847362,11.832551098662922
2022-12-21,11.804021174842152,11.058689045444765,9.709255813320558,8.882042186614049,7.92899114331322,11.804911165897757
2022-12-22,11.759872963487476,11.007252664755367,9.791048165483453,8.936059975952196,7.9312117574009395,11.761293442960232
2022-12-23,11.970544030525662,11.100362326208446,9.802612116391549,8.905205393920642,7.957914477863454,11.949922895275495
2022-12-26,12.24422539984037,11.149444490330723,9.77747217079243,8.862097918149788,8.018837229759223,11.835258738780896
2022-12-27,12.39866562877298,11.304861731418598,9.876444368823973,8.924033698116169,8.10267409535266,11.951327459499213
2022-12-28,12.229189372861267,11.39483500662389,9.788765489045891,8.904116177885449,7.905301867461646,11.977499153875087
2022-12-29,12.50786996715602,11.508645372518878,9.918806402805474,9.048569221018834,7.926137680797456,12.165150698302279
2022-12-30,12.668463567049242,11.653054799250464,10.165617545408022,9.311753896517187,7.991041415905359,12.338468353796738
2023-01-02,12.467910977261912,11.607006381905336,9.996878768369236,9.226928980917036,7.977775651123706,12.189587668673642
2023-01-03,12.445988305573296,11.475513601672327,9.900592679071726,9.055265862874528,7.987206401377077,11.989291022242302
2023-01-04,12.680144313809038,11.633878838915262,9.944249465799025,9.16726327562315,8.168552825611533,12.208044105192643
2023-01-05,12.55559778003716,11.64273071939899,9.91817529591029,9.40384048702204,8.177297060389154,12.146484985559098
2023-01-06,12.911952913577151,11.645748256610748,10.060146766693656,9.728886374310463,8.267904535615601,12.188155954916986
2023-01-09,12.810784222826214,11.731415196760075,10.052135520799034,9.612439214490987,8.195750050784161,12.072587329990538
2023-01-10,13.07098898494544,12.043180888186356,10.279397627922977,9.829420057521833,8.20984629285862,12.160888774743913
2023-01-11,13.15224373688023,11.934416351835125,10.2769036985923,9.872409372760133,8.147292857688985,12.084538717687503
2023-01-12,13.187038888714795,12.018793502062463,10.393058253742078,9.955592528756197,8.172483559473807,12.053883068048847
2023-01-13,13.318475172547604,12.17096669522596,10.584389276670263,10.1847207251412,8.14374424910914,12.211028589925712
2023-01-16,13.396886020515097,12.136580276463542,10.433210968997509,10.333864337574836,8.120578661946942,12.19885109874949
2023-01-17,13.29996004732455,11.986320794121436,10.28520545975537,10.389150156238763,8.125687216135914,12.14399362034537
2023-01-18,13.297857449041734,11.838649147196573,10.350814018358978,10.263666236179905,8.117022865430508,11.924521964760817
2023-01-19,13.156461602034463,11.928854941318043,10.331052793292418,10.162315226157023,8.185690557053698,12.198778650701653
2023-01-20,13.070496037703332,11.71484715197752,10.185015883381173,10.036702163873363,8.156495369482018,11.94062994285221
2023-01-23,13.176121181275901,11.825296570900756,10.294826347334018,10.109903479501376,8.194642119672569,12.170365290055642
2023-01-24,13.227156764845276,11.80765014022863,10.388395162954678,10.01291703225486,8.267953063281,12.14757926844066
2023-01-25,13.764736450543806,11.840429750166162,10.446208815053588,10.196185456308928,8.376262325323955,12.514957861507243
2023-01-26,13.323398671412034,11.635453267391933,10.313822542201043,9.950581237298753,8.152532975566512,12.299038377017727
2023-01-27,13.338892990518529,11.599376156287109,10.258410251142804,9.872541051124102,8.097676102039575,12.24888501650084
2023-01-30,13.090240132755984,11.323237442635909,10.016895036940062,9.608754981898306,8.002934726513462,12.00253650017076
2023-01-31,12.993629832894154,11.274538262222153,9.893340540958372,9.623573282081116,7.934479334540222,11.845620367721821
2023-02-01,13.086633366219615,11.142431288942483,9.857038403524589,9.732440576354843,7.843844654475889,11.991529925487809
2023-02-02,13.223861413951779,11.092280304514317,9.866813871243243,9.800345838129681,7.805929760674494,12.052584557285225
2023-02-03,13.120024872614755,11.024259839766806,9.783973794219602,9.798419782638057,7.865015899619301,12.001664529717848
2023-02-06,12.96876275241157,10.91448327297127,9.803570310947574,9.926697738191915,7.88236970684453,11.9451942374526
2023-02-07,13.084583519986756,10.920235826422548,9.79580796103599,9.878893949755525,7.9880096739985795,11.737412338416712
2023-02-08,13.021235034219856,10.769153657736874,9.67528307842517,9.889252856243345,7.8795882938823825,11.535653418991224
2023-02-09,13.119700406984851,10.88843005459291,9.708300052311909,9.855866620916652,7.873865254213338,11.758202570776948
2023-02-10,13.233870030886266,11.007224393431985,9.751472042090345,9.889178879658232,8.026945981130574,11.83864063407265
2023-02-13,13.251253925435986,11.152482352546055,9.733484722198503,9.89294154931413,8.05610481344876,11.897578968946545
2023-02-14,13.36994845566959,11.410440080325499,9.813883313495111,9.777704515541126,8.117315194177534,11.985253583209996
2023-02-15,13.426001859113043,11.472024040298667,9.842134711905462,9.81293129085685,8.180201311940142,11.979921468836583
2023-02-16,13.647131730938622,12.009351609141037,9.977237073310713,10.079597748358886,8.222779851242358,12.293776660317981
2023-02-17,13.537588204420992,11.959826352822176,10.056155076497076,10.109293923867153,8.257357182129354,12.11173350124396
2023-02-20,13.695002401277947,11.812126334994066,10.154070411707547,10.15544931179087,8.277635069565472,11.988215293705215
2023-02-21,13.59841107587391,11.679117579004126,10.088478040441922,10.04170416555743,8.096236478277165,11.990152619768764
2023-02-22,13.434069256720102,11.51274147858167,9.950195614695104,9.942553621971204,7.973317093575085,11.633151558776515
2023-02-23,13.291036377547606,11.414905147693197,9.822658855505036,9.700385239941234,7.900394506301626,11.329268926805405
2023-02-24,13.053011816801972,11.245229059343476,9.810621277606286,9.566705817997443,7.817499032619214,11.388198958514248
2023-02-27,13.084583946631739,11.271019678317808,9.778436802167965,9.5152078635882,7.680293955904888,11.470486345777104
2023-02-28,13.187835156837433,11.297849041958873,9.801544555180108,9.614542864024576,7.60910514924356,11.46625360444952
2023-03-01,13.081612176566646,11.468869514713784,9.878452830869287,9.455246189360418,7.523450720590489,11.464706378304108
2023-03-02,12.922870380750407,11.26115243075395,9.96509758596847,9.39007741721726,7.507295414401404,11.299734267207901
2023-03-03,13.139020465378026,11.336639697261024,10.029905967172645,9.546708049841586,7.4680753235857065,11.573901184124814
2023-03-06,13.276536367727477,11.545916763471038,10.016301114011256,9.56807597355914,7.446988813519038,11.704892772650936
2023-03-07,13.264545485502934,11.487571687301052,9.923851599188167,9.455034172322188,7.437035349039386,11.642422059011325
2023-03-08,13.098283425525313,11.555216387597437,9.86023735273257,9.475559227054069,7.36830150644904,11.576977483045658
2023-03-09,13.18110308935835,11.468504781740423,10.028161129432412,9.533764495102536,7.44878249309256,11.587688222145285
2023-03-10,13.19778562238789,11.415265843899594,10.149001122056784,9.582862007649616,7.485032093720395,11.744536196587756
2023-03-13,13.10490280573365,11.316466519596183,9.902566642655659,9.359197529324282,7.339675637857109,11.611442770258213
2023-03-14,13.117916450081875,11.186882493787653,9.884628871212811,9.242516562713233,7.335136799106008,11.452757337111132
2023-03-15,13.21891287023126,11.255100022248996,10.064627350007765,9.338815678487402,7.328875130039773,11.568093066472521
2023-03-16,12.942135566300564,11.067769876128175,10.01027963066451,9.077508918874486,7.275188873698342,11.35328690657711
2023-03-17,12.986416922658977,10.99803634177369,10.065503159905145,9.103176742076144,7.371390878717835,11.383481104454468
2023-03-20,12.696979327876521,10.814158639312325,9.826571238646642,8.968662337886155,7.320586344947611,11.411464350326565
2023-03-21,12.835758111173076,10.946223914706163,9.907676288042172,9.139481932495258,7.427096384130384,11.59604797088781
2023-03-22,13.141193101931346,11.038810496155165,10.106715097470794,9.327488121812333,7.505993495601215,11.74643804577359
2023-03-23,13.365290363605908,10.941467346989855,10.110302893750964,9.244577429708007,7.600933222084832,11.797577342997702
2023-03-24,13.35438337430486,11.031736692116853,10.169035382290748,9.251348781313078,7.6729591104078265,11.890163255472167
2023-03-27,13.01559383799013,10.757193895345239,9.98012406681088,8.992459955833938,7.528235873413509,11.492886261159356
2023-03-28,13.023494285217154,10.54239806602332,9.909929763876447,8.841567851358317,7.565245089718118,11.255012567723998
2023-03-29,12.908580256591197,10.432166895850399,9.911648170835672,8.71487217006552,7.520858852233094,11.026979365189746
2023-03-30,12.779533690827353,10.278003145009297,9.699887143202114,8.674788139374307,7.379762141176473,10.95781257948693
2023-03-31,12.818640666936751,10.491878784801816,9.826892520368983,8.6855535683252,7.371830288609447,11.110005275775672
2023-04-03,13.095683387939518,10.702057551572047,10.117917839453396,8.856971829456432,7.502539513429252,11.472528929128508
2023-04-04,13.008177568570161,10.561137521997557,9.987434979938905,8.607877103647585,7.370252997592282,11.34265303451324
2023-04-05,12.874066558410593,10.47871876759552,9.995590512287407,8.438906422261313,7.308375491954832,11.2486891866022
2023-04-06,12.841904242512678,10.62889428691012,10.09405547389784,8.486016726655844,7.431181186633248,11.149719806572802
2023-04-07,13.087697594301883,10.844526994832577,10.175945789023121,8.683924462238172,7.46698549638542,11.43568045538386
2023-04-10,13.019255174165705,10.73364159955489,9.915583365516554,8.487068653904677,7.428262347827231,11.273131962307852
2023-04-11,12.783640597031127,10.87259555865554,9.952878807375644,8.460505130155134,7.505781981743588,11.24946091708634
2023-04-12,12.989056041042168,11.116854150607427,10.272514040991197,8.773225334171753,7.644179907931944,11.546265027015929
2023-04-13,12.829841609285689,10.820723046352223,10.170725322074025,8.543789688533568,7.5627348203459785,11.300658334063463
2023-04-14,12.697430504179312,10.690315633789137,9.808837725717908,8.420740544464834,7.524533205063023,11.170009605932307
2023-04-17,12.630301484885164,10.787265900509444,9.797689095622086,8.407364415302762,7.563979622717105,11.148584922995227
2023-04-18,12.469857951634628,10.52482767964208,9.716199872654478,8.405427756375285,7.5130787243743775,11.153215971978113
2023-04-19,12.607630661417025,10.727931051296881,9.770456316093847,8.526385087273972,7.597079315919716,11.403019341631309
2023-04-20,12.476574049780256,10.719090352324901,9.862535819276797,8.661233516680044,7.629677962703908,11.413143434745951
2023-04-21,12.302733152000203,10.598845337151586,9.675555268328107,8.493607649105066,7.592902419634301,11.344320874013023
2023-04-24,12.455070075600233,10.663233624356096,9.72132197811283,8.589671158311189,7.621004398766662,11.43610944976746
2023-04-25,12.273060912528422,10.713026070433799,9.584360436252448,8.49999174513477,7.593493195862378,11.542322756475016
2023-04-26,12.418131125706797,10.80239358392322,9.659816912899542,8.755881333448425,7.5057893472089985,11.631587140964935
2023-04-27,12.605985815096194,10.786054012458912,9.521871083429748,8.686054432417755,7.473804512773484,11.625542529099203
2023-04-28,12.704387107424582,10.751306566837433,9.42770988108338,8.673130454004959,7.3959575759219645,11.44485031475712
2023-05-01,12.610511024238455,10.681129501059829,9.410948371232749,8.653122943502702,7.450426696374356,11.41350556114266
2023-05-02,12.411278863154006,10.680475702897567,9.445748227909707,8.697148504357296,7.591955093745741,11.466450485295063
2023-05-03,12.569095717612422,10.732383343178158,9.485350051786849,8.690653418555954,7.619290117197188,11.461936267626953
2023-05-04,12.348630000463146,10.528424160134254,9.269817110025157,8.577375467282145,7.5425419274161145,11.193759397772713
2023-05-05,12.445210722042068,10.584048850041059,9.255204525187192,8.64313688752398,7.541321568128602,11.185431497413989
2023-05-08,12.143814813297011,10.443587610697191,9.210862827626126,8.485779911217152,7.632363558320316,11.12825678827155
2023-05-09,12.309662849182557,10.539459318659778,9.37211490571501,8.459918481983102,7.494880578173145,11.123615449251659
2023-05-10,12.168110879838256,10.399709308819302,9.271666575442513,8.39943193927626,7.432768121188383,11.007088595903802
2023-05-11,12.144418556782142,10.360456210348515,9.434580054319571,8.456072013002377,7.425813000031289,11.015174532321733
2023-05-12,11.97442330486438,10.218636294494383,9.271148686550433,8.272571677904523,7.367770849284973,10.85988333041119
2023-05-15,11.90821297409299,10.109461040053985,9.183144588731771,8.0933491660681,7.2858399712469275,10.726836664836279
2023-05-16,12.080771017800876,10.180738043300742,9.32789527206298,8.169468674104222,7.3782171257478835,10.780857490985271
2023-05-17,11.94505999942958,10.231662356891762,9.406527574188079,8.234486079666068,7.420679190849571,10.785604301333267
2023-05-18,11.789212302490583,10.214439266032606,9.387765202576364,8.136372611547479,7.451744552112343,10.6336687712112
2023-05-19,11.937567143146445,10.510513629439311,9.58555181035031,8.265624545980906,7.561631276492955,10.838752090005709
2023-05-22,11.62372634741989,10.389928722023479,9.545430630312824,8.198454399388705,7.5518750413088,10.8822914747397
2023-05-23,11.60295075639903,10.309117848516248,9.576326774358856,8.182570342298513,7.547223615416435,10.864451680455176
2023-05-24,11.854559885597165,10.157686841050195,9.573838875917634,8.212407060723761,7.519627924240925,10.981956471370642
2023-05-25,11.851731960759155,10.091471862780729,9.501099178978796,8.143166735448316,7.477762538665508,10.896413116374273
2023-05-26,11.903400853584778,10.165007307080355,9.603914884607535,8.113784708785499,7.446787152073467,10.809779872265228
2023-05-29,11.917482621916925,10.13197915956468,9.598028151658122,7.9697073488007595,7.523479931250689,10.691303857546519
2023-05-30,11.881827995022547,10.160906209924772,9.489116593544193,7.895851171720999,7.511488479292787,10.887492445835827
2023-05-31,12.104414177870954,10.443247913043713,9.707163460089737,8.058975691919969,7.539300315656132,11.16613629615551
2023-06-01,11.822199085610789,10.466775618415582,9.631771611614253,7.78881524082013,7.457259576176336,11.087641886143668
2023-06-02,11.48024507567257,10.26797682120237,9.356207132051756,7.478159689957798,7.308795579160112,10.77462710357737
2023-06-05,11.66811007873066,10.548673594682452,9.436952402663895,7.653307511212782,7.413331895130456,10.854043005974122
2023-06-06,11.89555121316458,10.837944883342018,9.822261642532101,7.942980366928176,7.469845854967108,10.92228941316112
2023-06-07,11.914552490097613,10.787263362960381,9.878145244068126,7.84898062229087,7.4685441874707745,10.946023407313044
2023-06-08,11.61413467543835,10.538497469300694,9.706055147604443,7.694390646281615,7.352011920088335,10.77940599615685
2023-06-09,11.534629729837976,10.396620055498488,9.835469718019768,7.629286921316827,7.302614808167624,10.736607660361237
2023-06-12,11.507486979238905,10.33683531335897,9.811077012747747,7.601328734744208,7.298268966790954,10.502790476473908
2023-06-13,11.661161095035169,10.307463547074214,9.842539409345976,7.501951736404066,7.2621056296639335,10.425652713294548
2023-06-14,11.653125339636608,10.143816775260854,9.80312007032283,7.360611369924378,7.1723325002921134,10.269085554146091
2023-06-15,11.857393602788655,10.055496775504908,9.756432370282761,7.302111135461136,7.146907731297736,10.27755990883778
2023-06-16,11.781215024399671,10.05474686551355,9.650847408813611,7.293051980960346,7.249828598996947,10.379608006327356
2023-06-19,11.601775797197071,9.822970590487145,9.403828124519523,7.093452190154881,7.161151571802535,10.267783921770713
2023-06-20,11.78544545267705,9.948209502600204,9.41294988180397,7.159791562105159,7.186727591994181,10.341521252093596
2023-06-21,12.27154746658157,10.024826252846289,9.580541153677997,7.421705076003335,7.226905628476505,10.550354805024975
2023-06-22,12.249066163397096,10.02811661686194,9.47736903766618,7.475372210457454,7.278519127980497,10.618653437234133
2023-06-23,12.12177118704788,10.002922974522885,9.382908015025293,7.425748409428755,7.387133242841371,10.586728002139317
2023-06-26,11.992425687276121,10.005686655054198,9.272751381345502,7.343624719227606,7.319973620825101,10.534266574395248
2023-06-27,12.173844116902657,10.120142205317794,9.368464922267993,7.338185854329179,7.328124213338331,10.639346284193174
2023-06-28,11.877981694565023,9.919800060176373,9.253768221412868,7.161188623101225,7.239973264959795,10.555686756940965
2023-06-29,11.88910875896019,10.034236053944168,9.312665519639316,7.094253445487598,7.188799147677174,10.509610289537303
2023-06-30,11.7597973802002,9.989331614359099,9.32756665280634,7.1324477668953765,7.186007367138087,10.426024685154738
2023-07-03,11.819889480205774,10.193086261227588,9.495234083902355,7.313781150404427,7.423106925380929,10.771389611934104
2023-07-04,11.87535155326997,10.099747775701074,9.444098265979877,7.294100387597016,7.369316865010539,10.795125991090206
2023-07-05,12.145962702061748,10.191468146339606,9.688036822975029,7.4577265538929405,7.371491160843218,11.01403570228249
2023-07-06,12.024073596819145,10.156528113355623,9.565898362950358,7.4051766474451295,7.318305333444373,10.757462857917197
2023-07-07,11.974564586740687,10.314508536565423,9.714268334426825,7.481691515797557,7.445105459955678,10.929476963684902
2023-07-10,12.089718556577452,10.277080696164031,9.882505665659382,7.5462988890119185,7.444478920981405,10.916626902812986
2023-07-11,11.998536210259543,10.052121676424354,9.860830397937224,7.409053626933258,7.415967147435904,10.760732154508803
2023-07-12,12.002689327349422,10.013155062481198,9.867748403561535,7.540807808646432,7.512339184617405,10.817778316525766
2023-07-13,12.174522807349366,10.212798269673051,10.074233408240005,7.608732713766604,7.585952355932052,10.822115081908363
2023-07-14,12.243595652821945,10.35113045905603,10.053559239458655,7.451892916549507,7.605453116221357,10.705377017914778
2023-07-17,11.948031446517767,10.224070961385362,9.919235057872253,7.267609243778088,7.463895540797246,10.502203377970805
2023-07-18,11.911453988483702,10.135102665730813,9.894544942264423,7.287710646162305,7.454927680196275,10.385073155890334
2023-07-19,11.88649031372723,9.825505401976379,9.779687320005516,7.171248133131169,7.4111319528868425,10.321700015789903
2023-07-20,11.951718410527349,9.737869874708572,9.79754440233694,7.153366970543081,7.292409845639205,10.439696105734686
2023-07-21,11.808682055298114,9.765378075872936,9.823928732939098,7.163678885264665,7.261394177818045,10.501848429560923
2023-07-24,11.43940879021361,9.590855429366021,9.628185354670132,6.974748542053076,7.187171476273038,10.3795520230969
2023-07-25,11.201748761422206,9.492380309911105,9.490760925344015,6.786829121447933,7.079989321094816,10.157347813316292
2023-07-26,11.20630983934088,9.576118721475165,9.554724895784585,6.743804880399762,7.017483954938414,10.254666296322696
2023-07-27,11.07100806995472,9.550025120036715,9.57091027449405,6.6333620602913665,6.911367470586419,10.330579782519953
2023-07-28,10.782582220975787,9.269280691263226,9.277656060678973,6.397144577459974,6.704985110177057,10.08901591115232
2023-07-31,10.81782800452299,9.430726906343484,9.319180499659396,6.408983683392064,6.728036492461778,9.976731953495314
2023-08-01,10.845906594164509,9.447744053754109,9.407919125777031,6.3364789569581115,6.80864295555907,10.078667339560319
2023-08-02,10.869615529822514,9.376548444364769,9.424575946072038,6.20769887538263,6.809885055351401,9.933559351174456
2023-08-03,10.569402042278742,9.168514025604235,9.312756495788793,6.066643459016148,6.759084691544536,9.639066926341155
2023-08-04,10.496192033641368,9.354018319376223,9.45707209411321,6.081501210797191,6.808190674013188,9.819779265821685
2023-08-07,10.578394141883367,9.402353370739025,9.57468840841885,6.074457353713091,6.83205473795927,9.862976482161136
2023-08-08,10.854319294879794,9.612432053915295,9.799347184010443,6.263726775920332,6.91202062986707,10.21990053578804
2023-08-09,10.82672580739481,9.64095210277748,9.817974017303102,6.316865085151085,6.821935577181807,10.348622437032752
2023-08-10,10.821038382450418,9.7781330757862,9.819272088113195,6.347139572007537,6.95193181395762,10.37740571436218
2023-08-11,10.912266452472736,9.76724106354872,9.83986575973803,6.338992097888236,6.992182486798361,10.302966201071055
2023-08-14,10.933827153530425,9.803880099934446,9.926511488758901,6.395233486477402,7.082173395045781,10.517680267001605
2023-08-15,10.931919666429426,9.813473475699498,9.873913084354125,6.553313220013777,7.138785374061898,10.641533777559252
2023-08-16,10.97736226479869,9.945746301038373,10.034271162133496,6.646234918811677,7.277901189680186,11.008967271077188
2023-08-17,10.833572680429803,9.814274719242116,9.918904008847937,6.6897257218150035,7.310034190540916,10.931220021273646
2023-08-18,10.786829670419406,9.709192068953392,9.952503122215518,6.634566006609206,7.271355512195106,10.930202238162753
2023-08-21,10.715602038653167,9.64562280083087,9.912152965873574,6.638346717374968,7.341400075779697,10.921371378476515
2023-08-22,10.888134164886958,9.713209489773188,9.932633901741891,6.742063098385927,7.402302579872385,10.904921686285219
2023-08-23,11.05372809629194,9.863085975231376,10.03505364344101,6.954867660266736,7.52596402963443,11.230518607736087
2023-08-24,11.023044651600959,9.825419149942903,9.920803209479924,6.917126247497848,7.501067997093481,11.050228066012245
2023-08-25,10.92635972755761,9.759734255883961,9.917517011579681,6.9073448361280585,7.442880805247352,11.038258258065461
2023-08-28,10.954624040480178,9.572628412070605,9.911484095559851,6.996834275926982,7.365170281034782,11.093663904617951
2023-08-29,11.067553264580825,9.49316634506834,9.892193563216473,6.904575359498578,7.449299392610369,11.0567240119749
2023-08-30,11.19871940305418,9.695608703877252,10.036936577424934,6.941308047907312,7.4720075095739045,11.232631291236451
2023-08-31,10.861353480318037,9.31402708813367,9.82690863386619,6.668740771796618,7.4326636761955,10.949522481254391
2023-09-01,10.684922043451015,9.18536012478487,9.608153193174541,6.543322332107544,7.445144435762395,11.03919370693784
2023-09-04,10.65490507242368,9.106749435618749,9.508377586913788,6.431211956681544,7.522907950491393,10.922007354922922
2023-09-05,10.554557772742966,8.991087155298978,9.178686036340626,6.213661790532033,7.34356897378789,10.61607857399392
2023-09-06,10.43700584585224,9.119829982027362,9.021302442813386,6.151276465448196,7.324130944214358,10.496082551963683
2023-09-07,10.340638694125968,8.960686201344695,8.955039070767818,6.107036205470074,7.290796302007193,10.43113741675593
2023-09-08,10.438200908952716,9.012013294074771,8.946290050949694,6.036298796293473,7.246518282051417,10.390686748105615
2023-09-11,10.598985230623441,9.085500845772314,8.975438511460421,6.065590933663741,7.220044837685585,10.514993401393527
2023-09-12,10.44980156794841,8.992871787593655,8.929690718704965,5.984136883651344,7.23004261415194,10.549344573332123
2023-09-13,10.285078698911935,8.868285787675706,8.885098878116683,5.874540598736275,7.126686114034365,10.521995483361712
2023-09-14,10.355547348713577,8.908592346012616,8.949348373557322,5.779728193680023,7.203555007085475,10.550995556720789
2023-09-15,10.571260636101629,9.037611290598301,9.044116123486157,5.8456262314941165,7.290229248754341,10.662428836220478
2023-09-18,10.529935941750821,8.835891259363944,8.926184824903277,5.870700344515287,7.1982805759129835,10.520362523500209
2023-09-19,10.350729034501384,8.778545530296617,8.801459658906637,5.796404294498055,7.195734199127962,10.35023892181852
2023-09-20,10.487977328315715,8.891030040896172,8.925498313803594,5.8456351139185845,7.4215948959483455,10.511914368712876
2023-09-21,10.492727137944618,8.811326183310214,8.903075901121579,5.897750059452177,7.512813906877078,10.611733909408397
2023-09-22,10.642493950277599,8.785269457108544,8.99510553801535,5.889068846792842,7.466449334248243,10.718949920800727
2023-09-25,10.689856758878742,8.850538471363278,9.032801768927332,5.914727639316939,7.409754116039281,10.711449927734385
2023-09-26,10.652079233090095,8.776706588636703,9.149331252942375,5.933201804516342,7.507732347771631,10.902315161317688
2023-09-27,10.47779143176211,8.726153415260868,9.016408240862239,5.771723473306612,7.453979493240949,10.729411732524536
2023-09-28,10.443816968431566,8.866841245650784,8.90897065581475,5.790092861529196,7.396873372383718,10.809372669940682
2023-09-29,10.4476451222369,8.877048808916024,8.827414290412843,5.740956865407978,7.44174009413949,10.939013619573565
2023-10-02,10.345876434787462,8.70503187154392,8.754234861239249,5.765732202489603,7.376213916152173,10.909381169978875
2023-10-03,10.104892606107878,8.56379729945022,8.672942052088024,5.672331793851527,7.239833326785975,10.63907829819254
2023-10-04,10.27032736807672,8.71076559554345,8.837901593848166,5.806476621788247,7.291432800610407,10.704313846294301
2023-10-05,10.344198457854286,8.73130014628074,8.742891108081901,5.734684984763615,7.301703334720178,10.647095184342582
2023-10-06,10.224834849790241,8.715728136592608,8.715363622844283,5.723081939752843,7.131981123647563,10.540760500286305
2023-10-09,10.274639675056584,8.604015118462039,8.664909369209271,5.679336520255735,7.1301813039287225,10.669762014031026
2023-10-10,10.583545933632685,8.652254866507443,8.796671383225569,5.788317935986655,7.2218512378210935,10.854281669958652
2023-10-11,10.337731379014425,8.566029436863012,8.690241515889056,5.577700934225016,7.135115977963702,10.637725424521369
2023-10-12,10.190404110660618,8.512480122001767,8.58523830108211,5.483345650734624,7.056990323017093,10.282633500750777
2023-10-13,10.080032415539122,8.388491176788802,8.433873696950927,5.483702807955297,7.034355041025266,10.169121550087976
2023-10-16,10.209586864696474,8.540476856504172,8.620837096299923,5.550656747158441,7.122007275674274,10.425822130546095
2023-10-17,10.089704405890593,8.56450913966332,8.616875502212727,5.566062211235211,7.112653782007401,10.476251413484432
2023-10-18,10.341651440180168,8.613850280087789,8.702089354324693,5.712289317000182,7.129015620097475,10.73187051052279
2023-10-19,10.211002296879014,8.636776247484447,8.664521997502664,5.645852505440461,7.061159620124451,10.535332288180555
2023-10-20,10.090092366198167,8.600554134785359,8.576249571173019,5.553862293700341,6.984786026227661,10.479626269315506
2023-10-23,10.246539395474839,8.597630006930146,8.569141567271084,5.6038889348645915,7.099444763008503,10.636851041574415
2023-10-24,10.15545276484578,8.587438051205062,8.513048439685518,5.5975297227763035,7.197258011813499,10.527109632074056
2023-10-25,10.092678807538558,8.582487853787915,8.579381200513724,5.666096678090203,7.257927389431625,10.700645026690195
2023-10-26,9.933873730488905,8.65023822969987,8.545824519941583,5.687358361831839,7.17301533801069,10.680053651893903
2023-10-27,9.988812652237874,8.758783030264446,8.462916974947518,5.710336302710351,7.129965665052883,10.762763628459078
2023-10-30,10.07364129507954,8.866890562309907,8.442045086578213,5.765912577574438,7.220076973549082,10.645791286861535
2023-10-31,10.218672790446156,9.010922363201573,8.48889978228539,5.768335166641517,7.324268899743226,10.647067951205038
2023-11-01,10.303909090397221,9.087203194915274,8.605157509730132,5.799934408055638,7.3356204075794995,10.763337342076248
2023-11-02,10.198875293425294,9.10256843390376,8.376989327887177,5.698172241006615,7.178233094544435,10.644046346678792
2023-11-03,9.867293890923358,8.846244131632732,8.166945354392812,5.536571382858586,7.067214268677854,10.401846817513016
2023-11-06,9.98578078536456,8.847541185408776,8.294694238299593,5.606302073092914,7.195041863291401,10.4724455873963
2023-11-07,9.99889599749723,8.958444504104834,8.477549323163862,5.700028043294319,7.256960173976354,10.553539228419703
2023-11-08,10.025793503281545,8.793490889551647,8.351222487485119,5.6541398127382525,7.092658442574514,10.53405626517091
2023-11-09,9.865916787190669,8.689260559813857,8.246722996387831,5.5170294981189105,6.928053511105608,10.291248258304117
2023-11-10,9.804490844626832,8.734926255077877,8.310573528051668,5.591090454919733,6.956925049692345,10.383248377368215
2023-11-13,9.89101781393288,8.789414005622472,8.417844818067424,5.641359943402886,7.028251641135378,10.415263553745145
2023-11-14,10.031686657021666,9.004583096047975,8.624330744183046,5.727315847640711,7.174266629386988,10.602251539385179
2023-11-15,10.097183538876255,9.159412559495898,8.72512805874457,5.80321818239838,7.318444623939021,10.61202247153698
2023-11-16,9.979058026801704,9.074226369063524,8.680056914844183,5.669730022819857,7.286615948774894,10.521683425559198
2023-11-17,9.942869083753793,9.01817303874321,8.569455896976047,5.634061504058684,7.277770101416001,10.347945205262285
2023-11-20,9.909126365680635,8.862917758038183,8.498745217330812,5.603005713695943,7.285454404820989,10.274534634427217
2023-11-21,9.83851282908076,8.751836524483728,8.489429635424418,5.602375513265874,7.293600370500623,10.241532375306585
2023-11-22,9.608656838063393,8.619387081665414,8.384669501201058,5.514556514632627,7.239776542373471,10.23566575362331
2023-11-23,9.90695309622134,8.739393837150423,8.596202769792058,5.68992981352827,7.318544986975338,10.56729796252148
2023-11-24,10.104541997946384,8.80688422661079,8.775695396820119,5.831553829260818,7.4163368866030375,10.798098431851049
2023-11-27,10.183473936021745,8.958510433455137,8.869274175481646,5.925431992436875,7.510351667637759,10.850211269698866
2023-11-28,10.008038476408359,8.719998139547265,8.835992622990936,5.801837378356643,7.464163236590078,10.765161872673035
2023-11-29,10.160375637168915,8.716687929707293,8.90523306178797,5.945415358563219,7.62360427643563,10.966711817815556
2023-11-30,10.26762297377127,8.707633772651079,9.013298234028674,5.987745708623432,7.7012134249953785,10.999460411958449
2023-12-01,10.310223552064775,8.762273179977853,9.071535958006148,6.04680771690287,7.696478184772975,10.943653996602396
2023-12-04,10.601339859608295,9.058883714187067,9.214126823165444,6.080058463007094,7.731126038045767,11.159137118761679
2023-12-05,10.79907364211688,9.034042173009253,9.262892716066721,6.140380512942527,7.828574699254004,11.217811380381331
2023-12-06,10.760795717846195,9.152436561574905,9.414644373364666,6.195694785565021,7.904996286271526,11.279264717807784
2023-12-07,10.771589742596724,9.292472936907686,9.50344086725208,6.272041970218241,8.045668715671955,11.274447553409905
2023-12-08,10.770861937514438,9.340380104544602,9.493983890742685,6.3404235886000135,8.059195472566481,11.23492466561844
2023-12-11,10.561153277059068,9.183316571569135,9.41017467180827,6.220159345892418,7.973755716971277,11.026625400546937
2023-12-12,10.559807272817485,9.141733323706157,9.442460379992093,6.211831830697757,8.090831996775217,11.160347701121186
2023-12-13,10.549792836362261,9.11920873285702,9.389997363559594,6.107994672294392,8.042830769265954,11.097872131175732
2023-12-14,10.418386856456687,9.034788289469683,9.350049534351282,5.978315231575721,7.91789441821762,11.058276674424313
2023-12-15,10.692874090583723,9.16918868684739,9.493253962196093,6.103482824475659,8.033500769455603,11.331830381186428
2023-12-18,11.136632334851607,9.35351643067407,9.702473264766523,6.156491419325862,8.120347151456892,11.689277602437471
2023-12-19,11.353997743262823,9.162882384946418,9.882981396208086,6.361816795584049,8.084807758259993,12.03210685470639
2023-12-20,11.14236462020732,9.259492780184353,9.909201633868518,6.265197901289911,8.133804957051776,12.184668101016584
2023-12-21,11.355222747846865,9.438144705526106,10.005462755708013,6.28064050161008,8.273634544332719,12.563855037711448
2023-12-22,11.464624376572665,9.293357284946728,9.889338536957537,6.240898714571795,8.172681214224381,12.573965001347116
2023-12-25,11.532490216913969,9.210043558992703,9.973214443597213,6.288772583340577,8.153541213155382,12.591312319669946
2023-12-26,11.216128470116928,9.084114299907624,9.8756345414424,6.212422905773353,8.107825562024155,12.45391471054466
2023-12-27,11.248511225683417,9.14569087182649,9.995462007315755,6.2406006591491305,8.158115114661454,12.499069910145549
2023-12-28,11.202888765555048,9.192743250403275,9.960093823726284,6.266368463539873,8.167026411701343,12.4816357825694
2023-12-29,11.01120505758117,9.034532803846254,9.714045082898203,6.184518207693483,8.097682203085867,12.374014860816843
2024-01-01,10.96252802429812,9.170573014827566,9.683163970678354,6.1390382022942465,8.033124193069781,12.199717964406492
2024-01-02,11.09212681552204,9.266934527772863,9.725795583579819,6.090671241130819,8.148007264906692,12.157415985761924
2024-01-03,11.305142216042519,9.55488674170344,9.946220958115982,6.343139085011441,8.28925872926244,12.389119113023863
2024-01-04,11.371428192266308,9.50614835173685,10.010727862916767,6.476043902478203,8.393822184394814,12.529752822186333
2024-01-05,11.287423369191007,9.527581168953827,10.096606009990573,6.501076989750216,8.408909405371585,12.455644210500855
2024-01-08,11.40341164419535,9.318977962477284,10.154538574838858,6.65883862838365,8.328178755405586,12.472899381799824
2024-01-09,11.413221256141352,9.291795614825787,10.246719806117788,6.689582622458273,8.34444001466425,12.56325635656897
2024-01-10,11.392728395735265,9.514032210691422,10.243093413606438,6.684653513717115,8.220287349332187,12.481886703255876
2024-01-11,11.359617922930534,9.31001092351854,9.969745065372141,6.597215714104031,8.240068009588224,12.327409655603635
2024-01-12,11.314030958022405,9.161055203826097,9.995082393593847,6.621318988931904,8.116313588263667,12.420877699836101
2024-01-15,11.290529336792428,9.175534695983798,9.975358414758036,6.595274527193874,8.103159246491035,12.398850068987585
2024-01-16,10.972427727783764,8.951166839194338,9.804798218075828,6.486777400441552,8.047902578746896,12.248180154563006
2024-01-17,11.141083750140822,9.085062917347857,9.786513095160538,6.543086027102748,8.030236148806598,12.309387403125298
2024-01-18,11.225022657532532,8.879703318067937,10.01702354299842,6.6071816823179645,8.02084472057568,12.563809701360835
2024-01-19,10.96975599379364,8.727462890000405,9.816021112355083,6.5472085013758,7.899749329036062,12.313572965878608
2024-01-22,11.064787633181858,8.759959390143228,9.803764772206788,6.597148056041975,8.056621066034953,12.330328345350289
2024-01-23,11.207853213495788,8.866488786636452,10.00307170473027,6.65059938424519,8.107987946738088,12.330987334871912
2024-01-24,11.243501346455902,8.930950724315993,10.101470045406016,6.838212249762941,8.21731719330077,12.403024683448287
2024-01-25,11.316110013125098,9.12993283246006,10.294583875206913,6.930942908804071,8.260905634593053,12.675328387617776
2024-01-26,11.23622243663341,9.165246016551619,10.490766926543301,6.947615195462168,8.215461113893802,12.72687955033189
2024-01-29,11.089900868871453,8.986761711754852,10.470221123539625,6.93734277084417,8.141109747226912,12.563280622568014
2024-01-30,10.872515791909422,8.877730375616016,10.321572405148524,6.789581218774262,8.194726508131888,12.44977449283777
2024-01-31,10.97050124368547,8.975797189840938,10.422416913283953,6.798562113439933,8.239022844613196,12.478722391126746
2024-02-01,11.061945213244922,9.038979286620965,10.430940579154822,6.760806168014849,8.277559733723114,12.519471066668945
2024-02-02,11.063695311108969,9.201602572281844,10.642636322637443,7.014091724175052,8.342864381750237,12.665188020067772
2024-02-05,11.110726043170068,9.326493225419764,10.77365802598867,7.0682512462265565,8.410235714817658,12.637171089000596
2024-02-06,11.180902902058738,9.2593084142645,10.76094089120997,6.978223426506026,8.365091612831169,12.592619161005858
2024-02-07,11.024927223409636,9.1777563576382,10.763220038331154,6.911483780157706,8.346709623581885,12.55262495155641
2024-02-08,11.039097641273623,9.147420690233915,10.821733991796146,6.944841959699289,8.371146073100636,12.363351751747178
2024-02-09,10.997116930216666,9.150977287164242,10.915208570568103,6.964626100938551,8.465892192528177,12.530829691051375
2024-02-12,11.081809092161873,9.223095654739787,10.808189878752136,6.975584714068145,8.413903269666056,12.340163218351059
2024-02-13,10.987332270950548,9.268181017404663,10.793232259042556,7.039349523517848,8.388847989788262,12.50031880623127
2024-02-14,11.039684768565444,9.29732873874506,10.71217716674104,7.126831626510319,8.37574477578671,12.477695290196804
2024-02-15,11.093264468144168,9.337551347060892,10.762394351993391,7.062941932328954,8.340657447676145,12.399683520869393
2024-02-16,11.08681541245782,9.395461713280792,10.73450487700335,7.120537838795704,8.360393990813238,12.286461375815476
2024-02-19,11.20540300489697,9.558649778987132,10.942936764835437,7.218778608802554,8.386706859208498,12.315245769199121
2024-02-20,11.209639915625932,9.649971423784848,10.943418509269794,7.210255010513822,8.365450427189224,12.227111613318296
2024-02-21,11.231349654734045,9.688181618537312,11.1239217519825,7.220628723763031,8.388925452210627,12.182389086622559
2024-02-22,11.336300375157363,9.825810699507596,11.302012899643401,7.25936585375246,8.449681132900825,12.21144659645897
2024-02-23,11.24008317071459,9.7370174726532,11.191178080087452,7.165287812709957,8.404029505916585,12.019597552788193
2024-02-26,11.160719594302762,9.824529640015777,11.38894406710209,7.055398679565213,8.289857544701162,11.862275123818087
2024-02-27,11.342910814986434,10.048172688463506,11.60166710890913,7.1967153555089824,8.427443207360133,12.007465947057092
2024-02-28,11.174455901833056,9.928444394499238,11.335531011358782,7.027994823938756,8.275515742235227,11.916039172894513
2024-02-29,10.930515131614829,9.761936174093641,10.954678999678567,6.763393232354968,8.178527064895015,11.362852092924387
2024-03-01,10.807752000599017,9.438201474570413,10.84211055659482,6.560922403616976,8.124714394824794,11.40202997187571
2024-03-04,10.620933937444168,9.496754953096339,10.692868823035562,6.587547309705686,8.116216164252783,11.42137838538531
2024-03-05,10.551869601951578,9.562364898584509,10.576258955270575,6.657691462766746,8.094725049121834,11.301601822039565
2024-03-06,10.677264277034359,9.548506894451576,10.730666757301872,6.7148626057179435,8.038356652452814,11.281299688867186
2024-03-07,10.843017700503957,9.792345464728374,10.89485882858574,6.830246141833255,8.10928900396952,11.447126075475571
2024-03-08,10.628077733585428,9.525924993072017,10.595957185181446,6.575172400743247,7.900268055126985,10.962557864752894
2024-03-11,10.617269522967543,9.683848548735254,10.621223521775406,6.647309293208997,7.773345144399391,11.068773287727254
2024-03-12,10.800993982229311,9.80843185041247,10.796627806462151,6.754880268926523,7.74431447534427,11.366885097602864
2024-03-13,10.686368293004868,9.672270304321023,10.60464499387112,6.5831111954274455,7.689174329666364,11.361957262216256
2024-03-14,10.661296183511755,9.53099852428129,10.589620836286983,6.550514941441,7.721123261796031,11.368358194192346
2024-03-15,10.323780522069132,9.50065939523341,10.434728065378767,6.416759573105302,7.664568440159779,11.305809130424041
2024-03-18,10.088608831711984,9.468489600339597,10.414682148088495,6.348655657263756,7.558376089661226,11.100221518830988
2024-03-19,10.137673964718743,9.325827317154923,10.475238871608097,6.315846390077665,7.535050443573537,10.909757724555035
2024-03-20,10.298361467901263,9.515586013852102,10.506587865894632,6.458364104411056,7.6325490971107435,11.046185004479941
2024-03-21,10.595787352902269,9.533684116162298,10.721895806473121,6.6982210339725325,7.841791872629877,11.33325078705232
2024-03-22,10.533655936410364,9.455075984636862,10.665946001825812,6.700688622613415,7.772605329194912,11.359341878084063
2024-03-25,10.957856504071215,9.643480121069599,10.745055594785777,6.7924985873573185,7.947855831501036,11.622219470213448
2024-03-26,11.044082270998663,9.609020109547814,10.823891129153566,6.78877154091941,7.906641947227739,11.59351888367343
2024-03-27,11.167256168063064,9.94689756237175,10.99800935975593,6.978805760075466,7.990422659655451,11.746501644714876
2024-03-28,11.138970287708831,10.028316778044331,10.946377640227396,6.9240497600376925,7.997149430977538,11.783776717457561
2024-03-29,11.308094533678524,10.073717729840556,11.020072961440615,6.977428277651353,7.935209542991078,11.715442861272079
2024-04-01,11.26253082097572,10.008246162692561,11.132088457202302,7.027925431721384,7.9671623975556844,11.529320313684444
2024-04-02,11.88234202192872,10.275801008446841,11.661596280105751,7.233895062670853,8.128872479669484,11.77571921216712
2024-04-03,12.039528555510445,10.279946894005489,11.658191811347443,7.234301248488349,8.240258164293483,11.969203575315037
2024-04-04,12.12094743029809,10.151647694579589,11.60550116775549,7.098189121445406,8.173391422194953,11.821658545070065
2024-04-05,12.30807035278467,10.342025389393205,11.808273004729472,7.139355620715941,8.308120459791871,11.960511463439481
2024-04-08,12.229997343579857,10.248014577262982,11.71968922704364,7.208431281588722,8.306805120112282,11.928544593962458
2024-04-09,12.140532440288936,10.40047446273114,11.79249942049075,7.124610197410193,8.258254234305362,11.84136961408337
2024-04-10,12.288003540673511,10.444275223455792,11.938901976111165,7.293131594471537,8.236435371387687,11.868326371643256
2024-04-11,12.250046521321234,10.414530377318513,12.138873867510231,7.35667036432352,8.304073559279823,11.85132187808248
2024-04-12,12.266467000004049,10.327569374306131,12.25095785041681,7.41368307054863,8.412342014063674,11.874919169416762
2024-04-15,12.259597202301407,10.346424152446348,12.344400608459452,7.330253098753761,8.466110904842058,11.878604014093177
2024-04-16,12.208592563479597,10.214404348846875,12.373911324065006,7.449277329104963,8.607320225110815,11.964685850554357
2024-04-17,12.467894668703224,10.259599256038626,12.522445703514906,7.464440634033718,8.605226128999126,11.965009074015969
2024-04-18,11.997678996098209,10.161303323009767,12.238803144513295,7.239150421650389,8.39232382304614,11.672309232043574
2024-04-19,12.267243340991275,10.408472406217877,12.156810034543984,7.281725946891132,8.372138266675146,11.863856811236994
2024-04-22,12.161746476959527,10.253129452081485,12.056702296709332,7.166328935630558,8.41561684813011,11.77872309952338
2024-04-23,12.030054055001258,9.889693018756766,11.892802749253747,7.156933618742148,8.407857565278615,11.408643164920022
2024-04-24,11.996782235620344,9.792218624485853,12.054144871272058,7.167553963951395,8.355415870142522,11.407177105843802
2024-04-25,11.76538826287651,9.719201485738461,12.071144418065208,7.225812687449902,8.235382133401373,11.387481701263592
2024-04-26,11.77103688367703,9.540655534521928,12.019129743013917,7.168397675436874,8.304527789158172,11.274991613044104
2024-04-29,11.873156859359126,9.692996925743666,11.989021838435265,7.233298388291947,8.33429221655788,11.379759927915615
2024-04-30,11.774989573810796,9.603510605892389,11.772721146768902,7.121210453775292,8.34445030161089,11.125614777306485
2024-05-01,11.738234131528877,9.551023983519434,11.726000296312144,6.9946958011263956,8.413966471088695,11.005952390371716
2024-05-02,11.760155532060605,9.448754412105401,11.607698171001928,7.012722134799045,8.44341092905441,10.949935906949172
2024-05-03,11.830498187572214,9.425371654155528,11.605724658658083,6.973457269296178,8.504556171740754,10.886544644191535
2024-05-06,12.01547524329734,9.432018491937091,11.641804208347503,7.042590565807839,8.528905878521794,10.900662658099279
2024-05-07,11.87845875892371,9.403158930813666,11.475430988511722,6.9482083759411895,8.462086401673798,10.84657930209959
2024-05-08,11.973618524632151,9.615711122714327,11.542784793537407,7.000713311257945,8.50428656302877,10.83070815934822
2024-05-09,11.88826924199038,9.584324273269619,11.65888743929983,7.0063124197872995,8.478897706669118,10.94918532741233
2024-05-10,11.781400672829639,9.494556145080352,11.380334728910368,6.815394209688195,8.472700473644622,10.725312715834747
2024-05-13,11.497985270098109,9.358786177006982,11.26797807937685,6.620054679130015,8.354613708358812,10.555268785096018
2024-05-14,11.39482996983925,9.361477468063052,11.170396418389148,6.568901680284675,8.319273999959224,10.597287149034134
2024-05-15,11.341220127914903,9.294512513649142,11.155648862971479,6.492471067018966,8.335720346607442,10.668339485237121
2024-05-16,11.325176462509035,9.272376780413207,11.181929511760885,6.381318186935573,8.367530176513291,10.92604219256496
2024-05-17,11.315077696964408,9.263776775582386,11.249444603939619,6.46530941864702,8.43420235649621,10.738878800367642
2024-05-20,11.400543761407633,9.48168332208822,11.333237406349044,6.42588836610777,8.472097812799635,10.661716890622904
2024-05-21,11.645051608467325,9.506114696780003,11.444700045263616,6.46063697497199,8.504472303452514,10.916989334913366
2024-05-22,11.51082884329875,9.357405649205464,11.226854034555094,6.277465567586312,8.346003637215757,10.784139986216875
2024-05-23,11.450190061329534,9.20508144683737,11.248643060347517,6.151330395865211,8.253005677551936,10.54407472777001
2024-05-24,11.401181979330122,9.257444265815337,10.982058445285645,6.051680727155806,8.265111943770336,10.288885985353355
2024-05-27,11.496009684326722,9.379593921455022,11.022323132860958,6.1022676012423505,8.40546052449645,10.490316423161605
2024-05-28,11.661535895500048,9.465036561249526,11.073285648301844,6.249442361162284,8.402637700328983,10.631282744683205
2024-05-29,11.617910818128319,9.387609018760509,11.057108757473042,6.345966410998654,8.36772320863491,10.542380852894738
2024-05-30,11.383767813931216,9.165826305039502,10.930202622485861,6.158036015993363,8.183524452920693,10.08619883839576
2024-05-31,11.022757173259807,8.875611381546328,10.793722555467923,5.962989161925555,8.15374309963171,9.88577343280968
2024-06-03,10.90039906616921,8.74225920636661,10.767005341211245,5.864196628501579,8.037266363614103,9.883124944275615
2024-06-04,10.865657211862478,8.677890284904802,10.769688800147721,5.824942802228785,8.027871005513175,9.755687506137061
2024-06-05,10.99967691498684,8.603691225993087,10.86664268321908,5.787726837996349,8.055655839455596,9.767765548283176
2024-06-06,11.11059132729103,8.55218671660629,10.96815538570516,5.878294584120079,8.044516537936246,9.778022005126198
2024-06-07,11.028943933437624,8.503478094603274,11.090680527482867,5.80986140392716,7.966532475988828,9.870566930032604
2024-06-10,11.223971949706815,8.747092227866167,11.16345480962255,5.895024034055223,7.996376186330151,10.011212452841345
2024-06-11,10.984262539820065,8.736014544850018,11.125558295525009,5.843699397629623,7.930022753825395,9.861841036221328
2024-06-12,10.943416045787542,8.579637312804257,11.08519024204303,5.878601207676512,7.9708684658368085,9.645609116856555
2024-06-13,10.96148329014178,8.6545482904199,11.132377295268618,5.850042192291911,8.030077703208052,9.70384362340454
2024-06-14,10.939477621146562,8.502236167459206,11.080380364697216,5.681150665473926,7.866935394245851,9.583272047305174
2024-06-17,11.089085450897578,8.47448465657421,11.12666796631414,5.647981704230914,7.883731095012624,9.696206585985404
2024-06-18,11.068227905872117,8.469375262223227,11.040802798402598,5.627561326106542,8.005107153011265,9.716874643831016
2024-06-19,10.965672705558472,8.437746726557517,10.889208437466728,5.573176988433225,8.085833254421555,9.691460282956486
2024-06-20,11.343588117055635,8.57514154866697,11.052617737557709,5.717042420424871,8.022127224861427,9.898742907422749
2024-06-21,11.26259178815446,8.624191706985137,11.077318005728564,5.622512649432913,8.063720288177596,9.806893372274748
2024-06-24,11.455386898547005,8.82859323406041,11.278223334106352,5.844006750511661,8.227358147118174,10.074076317327457
2024-06-25,11.512967793403739,8.887985310331507,11.329016706159866,5.8954929308359585,8.255190138377602,10.063187004463948
2024-06-26,11.462150780209786,8.76657249648753,11.201253065569931,5.883042183515056,8.2783992099634,9.911261230500095
2024-06-27,11.434579221478955,8.879093391458081,11.284332371765666,5.904711780141561,8.264911078705245,9.949041434315376
2024-06-28,11.296017496184525,8.736026814782438,11.186606269096345,5.838810120432271,8.170289060758117,9.8946009209329
2024-07-01,11.319089183644696,8.737956230295712,11.087416200483716,5.820181170078616,8.127826091912109,9.71151245964699
2024-07-02,11.437194025469475,8.787338446559136,11.365744177935921,5.91966303960168,8.204031833267384,9.780733685579506
2024-07-03,11.530664092422162,8.770604131041924,11.270844172885234,5.921528859442825,8.241604423040556,9.685188204587648
2024-07-04,11.403060887453888,8.699283216624242,11.189893996779045,5.845650957193811,8.180044105409316,9.749009115905444
2024-07-05,11.599894577654,8.752979099374086,11.291260337877736,5.919367648414319,8.19945338298054,9.80865551042038
2024-07-08,11.856330172284737,8.83259885144827,11.318365042712838,6.006213264051713,8.288993152090892,9.794239642707435
2024-07-09,12.055701856480718,9.031513711766966,11.516702673012505,6.228089071009069,8.475285786466937,10.085211518403703
2024-07-10,12.409541387671002,9.139768939496452,11.592814482507945,6.320662682706618,8.47750040640274,10.161870581270163
2024-07-11,12.546527373114262,9.303440811880694,11.684354804589116,6.397091940017581,8.604963743018066,10.322679144881278
2024-07-12,12.094043189819153,9.019627287665317,11.379570126783465,6.204377723751495,8.503735314921675,10.111184457790987
2024-07-15,12.157860889354035,9.046887751578454,11.447312095494937,6.211287982679198,8.498823322170692,10.164439729191235
2024-07-16,12.130583661441602,8.995161860387938,11.474756397863386,6.030933792991568,8.42175907302034,10.036849202866712
2024-07-17,12.264891859821603,9.123207409986966,11.358829302404787,6.110245186869157,8.354482944172148,9.963029096856122
2024-07-18,12.166409522960752,9.048704839670814,11.162025815651875,6.099486530614886,8.363579770653853,9.981206240157228
2024-07-19,12.106040838638531,9.033014330829214,11.145691069381575,6.171081826888294,8.167879084730838,9.888207485759938
2024-07-22,12.377750142400368,9.135681500553277,11.323919340116673,6.315093534049284,8.255199391512079,10.124294702426539
2024-07-23,12.420867835116864,9.105162741220145,11.268793929865733,6.294882441014222,8.24618815715954,9.966871919909567
2024-07-24,12.531709356019565,9.114578883949404,11.431023800076892,6.35961215110362,8.35527327829939,9.939240826773567
2024-07-25,12.466198689648877,9.005412850022678,11.345830245766813,6.406502750738205,8.44220957658398,9.823722431912858
2024-07-26,12.436573955999464,9.009908920118498,11.410974429391118,6.3246855648998235,8.342911085548995,9.874327990339285
2024-07-29,12.250066040303594,8.981177135688407,11.430223735298458,6.34793306971558,8.336934637445472,9.849197747781242
2024-07-30,12.402257814630122,9.046836076471623,11.422775909169708,6.387671737679367,8.396602208810368,10.042897056362367
2024-07-31,12.654854914368965,9.250027369364386,11.495463914455705,6.45713046580263,8.46487604543243,10.17691850157064
2024-08-01,12.7996346846032,9.509456710172769,11.760600008675562,6.578762317152415,8.628041668487723,10.403517028053749
2024-08-02,12.925005760052406,9.44122104259577,11.784877261125203,6.603280135232074,8.696568829339288,10.393367132230892
2024-08-05,12.760904829271563,9.420705567039331,11.848170897120362,6.657891598787845,8.860735788083025,10.51989594163549
2024-08-06,12.605817880533953,9.308629027668427,11.829292668774228,6.532508620303323,8.770382365786567,10.287543457122162
2024-08-07,12.742045772666696,9.3322953418149,11.756773598748936,6.521022945672761,8.803066508915716,10.259147333309349
2024-08-08,12.831515513586417,9.378223355655669,11.8967523686268,6.581936379459633,8.84272382256205,10.26935008277361
2024-08-09,12.973902719959085,9.452766236661434,11.966625571112495,6.666807791142034,8.962872017400457,10.43911160115547
2024-08-12,13.06867672258334,9.458472319567896,11.94003019631015,6.630857892135264,8.939313008257365,10.470713416646277
2024-08-13,13.125781353057878,9.55686415118983,11.95074078776491,6.618883100636768,9.06747867759216,10.546744265141623
2024-08-14,13.117706051985966,9.525333090898458,12.050410474026542,6.735564352641182,9.078291145923865,10.59451041949691
2024-08-15,13.420884207020215,9.509887295575473,12.383798382712053,6.975512327246824,8.97555976248479,10.74439971312402
2024-08-16,13.394109739533281,9.521526231240781,12.37997148336216,7.048591030834008,8.99221726864503,10.707063351570827
2024-08-19,13.326329524934533,9.528372064290515,12.226636775154446,6.926992870902468,9.113295458154811,10.609664032384376
2024-08-20,13.368943722327959,9.534516775539212,12.323083751902699,7.057733748299286,9.184451938560121,10.527459615681058
2024-08-21,12.786955272956586,9.220411145091118,11.96827989983885,6.709630431128096,9.027332065648029,10.075848156495333
2024-08-22,13.0033468551418,9.396181149518604,11.991358455778087,6.767736293559457,8.970376074620956,10.17637254998922
2024-08-23,12.422316430463226,8.969205054385789,11.566250546884053,6.440175243831025,8.684974121243798,9.814150380571553
2024-08-26,12.106210726588486,8.935074984830976,11.26509561837688,6.384957808814615,8.496134215733086,9.61446031063847
2024-08-27,12.12691621321487,8.955547685112185,11.389324351487549,6.5008040469520285,8.612632755414207,9.638840265140171
2024-08-28,12.217012751413161,8.947053425935167,11.353674693326173,6.482224300097309,8.619581909052036,9.717037100655409
2024-08-29,11.876021823056476,8.838556235670163,11.371764046728423,6.446915324423164,8.500564482701195,9.477735111694601
2024-08-30,11.82703199296755,8.614614739225416,11.400862652301866,6.3799003725315035,8.578642049971753,9.270322947259402
2024-09-02,12.109317245329205,8.73463128828137,11.521186880522071,6.422443016149305,8.720844487684532,9.47935107484529
2024-09-03,12.220051290098638,8.763711645886563,11.418596901598592,6.333874888765022,8.594671327134458,9.538630217468056
2024-09-04,12.468070125083369,9.081300191838917,11.713566672039615,6.535127522120284,8.736931527149087,9.855992158268531
2024-09-05,12.47139405177548,9.057209826906124,11.782675825904862,6.529192643459795,8.684362782877734,9.906191791673306
2024-09-06,12.529062911049307,9.134458080472763,11.78876620773741,6.50154268426968,8.838687716883205,10.082236612262111
2024-09-09,12.861118079881875,9.26427140018861,11.943590725865556,6.711477130911194,8.935342594029377,10.232652738739745
2024-09-10,13.080366925912312,9.276372059846349,12.132645559702418,6.64960146785366,8.985466543286586,10.423292288373961
2024-09-11,12.93822141550197,9.163255303191733,11.911667335673066,6.624689589142915,8.85998951377768,10.292969757276127
2024-09-12,12.80012531036929,9.27040903247817,12.013896230151337,6.615598608385188,8.773840624936117,10.40957097066449
2024-09-13,12.762723593812828,9.188302723687446,11.84571968718158,6.580295079101608,8.672969582562658,10.356529723937264
2024-09-16,12.643379351165674,9.033898306625764,11.732752702228046,6.432070097133035,8.583493328272716,10.347821811521058
2024-09-17,12.57616628075095,9.040400448163025,11.562886848184423,6.491466727655921,8.535894980833428,10.406074744878808
2024-09-18,12.461678266412854,9.017414916037051,11.548570496345897,6.409285194366934,8.561367033220456,10.253738209443151
2024-09-19,12.67929695741744,9.079445246382054,11.685320212951565,6.462475393109565,8.633527212572588,10.283436784410851
2024-09-20,12.714756212856086,9.088826403226635,11.642570647991391,6.464188928953817,8.648433623964198,10.240264700716127
2024-09-23,12.66546965902069,8.992255080051919,11.835724857469707,6.4976503810721145,8.650329463859668,10.304570594127771
2024-09-24,12.456361358102901,8.803154481998497,11.790190338474897,6.41947550385585,8.629581958317951,10.31143007088155
2024-09-25,12.585990372614791,8.746495749068778,11.856587198202375,6.440083643955802,8.672736716275601,10.299543732023489
2024-09-26,12.822303368731307,8.798561775563968,12.099652889779144,6.451344886583583,8.772161404929275,10.374913205682041
2024-09-27,12.647125924647657,8.754057467552382,11.962402044817388,6.237715666244324,8.492642152702079,10.358200860948738
2024-09-30,12.624687472902622,8.793817698021675,11.848745510369108,6.094363784255409,8.394845535850113,10.232528815410342
2024-10-01,12.689431217135462,9.0168850460885,12.192234974170955,6.205477141183707,8.474079928568312,10.26647393044394
2024-10-02,12.791628578680093,8.98645074353444,12.121286315263802,6.198660022061079,8.408912144017169,10.230509194495331
2024-10-03,12.444754125027389,8.934553431528697,11.955756103859523,6.1469006634840415,8.300880356765981,10.048727065835054
2024-10-04,12.39309144804141,9.033677754328565,11.925611018825755,6.159147341766969,8.33446151301927,10.11572246944963
2024-10-07,12.295764110447138,9.063658385180368,12.057840634157555,6.178285298559498,8.354425140783437,10.188930813743276
2024-10-08,12.073100481209782,8.849405090676154,11.886991687781556,6.109819985938215,8.183509125024159,9.975074255924683
2024-10-09,11.977020317514134,8.94054791106315,11.90768458459629,6.087674523634829,8.2080870671502,9.909980037784297
2024-10-10,11.984694301557129,8.90773633227165,11.891928862166024,6.213333105800426,8.21277615833203,10.039001833918128
2024-10-11,11.961302089605898,9.000015129243572,11.840007707692784,6.246459329893389,8.244695373693483,10.277275638004237
2024-10-14,12.11484913451283,9.019642803148432,11.979611930218175,6.406943073301803,8.183453641336909,10.289740478285431
2024-10-15,11.902279219763997,8.86145449053047,11.795837669504772,6.230470772310155,8.183567624293955,10.00494833279615
2024-10-16,11.933674863359263,8.969719720075698,11.833482057383202,6.209447359452701,8.120870650960189,10.029697040576453
2024-10-17,11.825109914322127,8.958935386544155,11.672368383593607,6.227752702955297,8.111093192127306,10.011279308985921
2024-10-18,11.90061545047626,8.885505737122724,11.556363648601524,6.164417464218904,8.069382192297153,9.948759879508472
2024-10-21,11.94618466739504,8.825555123994857,11.602504888098453,6.252318000950656,8.139400864876457,10.154155867990093
2024-10-22,12.348739161222591,9.020521002520711,11.898887344027823,6.411330348328308,8.355895037167883,10.494949248308142
2024-10-23,12.708877450886915,9.246284558294542,12.084370191213232,6.558109496954803,8.460731507960945,10.782031601894545
2024-10-24,12.834495510272596,9.362854332349396,12.009493864881744,6.762461247892995,8.541071811811763,10.998290226419751
2024-10-25,12.973954808216861,9.377594866707701,12.140642730265148,6.688117027901924,8.701780940708497,11.083016867807833
2024-10-28,13.054121522041246,9.523166220589687,12.071412836855773,6.704325163099405,8.831802744085772,10.96875040151027
2024-10-29,13.234894650346476,9.643803531300147,12.355436667966222,6.6862757552137,9.006350973585693,11.024919812617222
2024-10-30,13.211569267091537,9.56512204612624,12.266339436310275,6.719982905188582,8.938774998030416,11.11006746322085
2024-10-31,13.166977668450189,9.488713861562793,12.233664682019876,6.751069489159941,8.931872268353928,11.134101473392297
2024-11-01,13.372609016985479,9.657049527419856,12.301797391141642,6.7668462481695455,9.001563213044093,11.29149980646271
